{"mutate": 0.01, "average_fitness_history": [751.1009976138183, 812.3593117245683, 828.0379013015805, 841.1191561108435, 856.1032430761039, 852.5681993193061, 862.1654277133493, 862.344023565622, 866.9814826597684, 864.5470380496091, 863.9725969614606, 860.7052260101412, 876.3680113402546, 870.0691342382191, 864.0881538691913, 872.4918413721301, 870.0665999295135, 866.1203331144239, 869.4855714361235, 874.1212922364784, 870.6727986309053, 868.9089527402381, 872.745816163391, 859.155042639909, 867.6688808420885, 873.3536571980401], "add_random": 0.2, "strongest_fitness_history": [942.8816133631517, 942.8816133631517, 942.8816133631517, 960.5575799923472, 960.5575799923472, 960.5575799923472, 960.5575799923472, 960.5575799923472, 960.5575799923472, 961.2553259910959, 961.8316523380674, 961.8316523380674, 961.9844814284633, 962.3112546635437, 962.3112546635437, 962.3112546635437, 962.3336106045642, 962.3336106045642, 962.3336106045642, 962.3343332342337, 962.3343332342337, 962.3343332342337, 962.3343332342337, 962.3343332342337, 962.3343332342337, 962.3343332342337], "elite": 0.0, "populationSize": 1000, "generations": 25, "strongest_history": [[600, 450, 600, 1400, 950, 950, 1050, 150, 1, 1], [600, 450, 600, 1400, 950, 950, 1050, 150, 1, 1], [600, 450, 600, 1400, 950, 950, 1050, 150, 1, 1], [450, 450, 550, 1050, 1200, 1150, 1050, 200, 1, 1], [450, 450, 550, 1050, 1200, 1150, 1050, 200, 1, 1], [450, 450, 550, 1050, 1200, 1150, 1050, 200, 1, 1], [450, 450, 550, 1050, 1200, 1150, 1050, 200, 1, 1], [450, 450, 550, 1050, 1200, 1150, 1050, 200, 1, 1], [450, 450, 550, 1050, 1200, 1150, 1050, 200, 1, 1], [600, 450, 600, 1350, 1250, 1150, 1050, 250, 1, 1], [450, 450, 550, 1050, 1200, 1150, 1050, 250, 1, 1], [450, 450, 550, 1050, 1200, 1150, 1050, 250, 1, 1], [600, 450, 600, 1150, 1250, 1150, 1050, 250, 1, 1], [550, 400, 550, 1100, 1250, 1150, 1050, 250, 1, 1], [550, 400, 550, 1950, 1250, 1150, 1050, 250, 1, 1], [550, 400, 550, 1100, 1250, 1150, 1050, 250, 1, 1], [450, 450, 550, 1150, 1250, 1150, 1050, 250, 1, 1], [450, 450, 550, 1150, 1250, 1150, 1050, 250, 1, 1], [450, 450, 550, 1150, 1250, 1150, 1050, 250, 1, 1], [550, 400, 550, 1150, 1250, 1150, 1050, 250, 1, 1], [550, 400, 550, 1150, 1250, 1150, 1050, 250, 1, 1], [550, 400, 550, 1150, 1250, 1150, 1050, 250, 1, 1], [550, 400, 550, 1150, 1250, 1150, 1050, 250, 1, 1], [550, 400, 550, 1150, 1250, 1150, 1050, 250, 1, 1], [550, 400, 550, 1150, 1250, 1150, 1050, 250, 1, 1], [550, 400, 550, 1150, 1250, 1150, 1050, 250, 1, 1]]}