{"mutate": 0.01, "average_fitness_history": [753.7110889782031, 809.9091351164428, 830.0818274273041, 836.5763194469217, 849.6923708517908, 848.9777604886044, 855.9846654199187, 858.0763054352483, 864.3909591562872, 867.1124354781352, 860.2482516481745, 859.0821434837279, 861.8619704833018, 866.5276854485709, 875.2059958380039, 865.3726955428656, 867.7635883184666, 856.3482771963047, 866.166183637662, 866.4861202944115, 862.3221219059582, 870.4170745863734, 869.0470525859197, 878.0648549086491, 874.5371670317151, 870.7729902291828], "add_random": 0.2, "strongest_fitness_history": [936.3038018166176, 939.5340683139186, 948.9529387552677, 948.9529387552677, 949.3040940069117, 952.90580922907, 954.1939399496202, 954.1939399496202, 955.4432696696056, 957.1922415746416, 958.818447325077, 959.6568393071752, 959.6568393071752, 961.990949557736, 961.990949557736, 961.990949557736, 962.1049753336308, 962.1049753336308, 962.1097113510496, 962.1097113510496, 962.1097113510496, 962.3336184580401, 962.3336184580401, 962.3336184580401, 962.3343292049161, 962.3343292049161], "elite": 0.0, "populationSize": 1000, "generations": 25, "strongest_history": [[500, 750, 450, 800, 1150, 700, 750, 250, 1, 1], [900, 450, 350, 2000, 1200, 1050, 600, 150, 1, 1], [500, 450, 550, 1900, 1050, 1100, 550, 250, 1, 1], [500, 450, 550, 1900, 1050, 1100, 550, 250, 1, 1], [500, 450, 550, 1900, 1050, 1100, 950, 250, 1, 1], [600, 500, 400, 1150, 1250, 1100, 1000, 100, 1, 1], [600, 500, 400, 1150, 1250, 1100, 800, 150, 1, 1], [600, 500, 400, 1150, 1250, 1100, 800, 150, 1, 1], [600, 400, 700, 1800, 1250, 1150, 750, 250, 1, 1], [450, 550, 600, 1250, 1250, 1100, 950, 250, 1, 1], [450, 550, 600, 1250, 1250, 1150, 750, 250, 1, 1], [600, 500, 400, 1150, 1250, 1150, 750, 250, 1, 1], [600, 500, 400, 1150, 1250, 1150, 750, 250, 1, 1], [450, 450, 550, 1250, 1250, 1150, 1050, 250, 1, 1], [450, 450, 550, 1250, 1250, 1150, 1050, 250, 1, 1], [450, 450, 550, 1250, 1250, 1150, 1050, 250, 1, 1], [550, 500, 400, 1150, 1250, 1150, 1050, 250, 1, 1], [550, 500, 400, 1150, 1250, 1150, 1050, 250, 1, 1], [500, 450, 400, 1150, 1250, 1150, 1050, 250, 1, 1], [500, 450, 400, 1150, 1250, 1150, 1050, 250, 1, 1], [500, 450, 400, 1150, 1250, 1150, 1050, 250, 1, 1], [500, 450, 550, 1150, 1250, 1150, 1050, 250, 1, 1], [500, 450, 550, 1150, 1250, 1150, 1050, 250, 1, 1], [500, 450, 550, 1150, 1250, 1150, 1050, 250, 1, 1], [550, 450, 550, 1150, 1250, 1150, 1050, 250, 1, 1], [550, 450, 550, 1150, 1250, 1150, 1050, 250, 1, 1]]}