{"mutate": 0.01, "average_fitness_history": [745.787594872879, 809.477003630523, 832.5403620804699, 844.5790805405943, 853.836443698043, 853.0660308281405, 859.2206592389258, 860.534649017718, 858.8296041044323, 865.3331324315008, 860.8522661004911, 863.0709187322083, 856.1883952420384, 865.5472016035857, 867.6009778638571, 866.4632650944005, 863.705133946555, 868.4875364034315, 863.4744417910163, 868.2213253223531, 867.3840900871668, 863.110262882956, 867.2782598555159, 858.1037650626835, 873.0075570681818, 874.4674231756126], "add_random": 0.2, "strongest_fitness_history": [930.4618820503413, 955.4373832398121, 955.4373832398121, 955.4373832398121, 955.4373832398121, 956.0328668765001, 956.0328668765001, 957.9681489997997, 957.9681489997997, 957.9681489997997, 959.127256854724, 959.2538916617286, 959.8243720643763, 959.850840579262, 959.850840579262, 961.8064369972047, 961.8064369972047, 961.8064369972047, 961.8064369972047, 962.269687151474, 962.2844775414708, 962.2844775414708, 962.2844775414708, 962.3336184580401, 962.3336184580401, 962.3336184580401], "elite": 0.0, "populationSize": 1000, "generations": 25, "strongest_history": [[900, 550, 650, 1050, 750, 1050, 650, 250, 1, 1], [450, 400, 450, 1950, 1200, 1100, 950, 250, 1, 1], [450, 400, 450, 1950, 1200, 1100, 950, 250, 1, 1], [450, 400, 450, 1950, 1200, 1100, 950, 250, 1, 1], [450, 400, 450, 1950, 1200, 1100, 950, 250, 1, 1], [600, 500, 550, 1600, 1200, 1100, 950, 250, 1, 1], [600, 500, 550, 1600, 1200, 1100, 950, 250, 1, 1], [450, 500, 450, 1150, 1050, 1150, 850, 200, 1, 1], [450, 500, 450, 1150, 1050, 1150, 850, 200, 1, 1], [450, 500, 450, 1150, 1050, 1150, 850, 200, 1, 1], [650, 450, 450, 1150, 1200, 1150, 950, 250, 1, 1], [450, 450, 450, 1150, 1200, 1150, 950, 250, 1, 1], [450, 500, 500, 1150, 1250, 1150, 800, 250, 1, 1], [600, 500, 550, 1150, 1250, 1150, 950, 250, 1, 1], [600, 500, 550, 1150, 1250, 1150, 950, 250, 1, 1], [500, 450, 500, 1150, 1200, 1150, 1050, 250, 1, 1], [500, 450, 500, 1150, 1200, 1150, 1050, 250, 1, 1], [500, 450, 500, 1150, 1200, 1150, 1050, 250, 1, 1], [500, 450, 500, 1150, 1200, 1150, 1050, 250, 1, 1], [450, 500, 500, 1150, 1250, 1150, 1050, 250, 1, 1], [450, 400, 500, 1150, 1250, 1150, 1050, 250, 1, 1], [450, 400, 500, 1150, 1250, 1150, 1050, 250, 1, 1], [450, 400, 500, 1150, 1250, 1150, 1050, 250, 1, 1], [500, 450, 550, 1150, 1250, 1150, 1050, 250, 1, 1], [500, 450, 550, 1150, 1250, 1150, 1050, 250, 1, 1], [500, 450, 550, 1150, 1250, 1150, 1050, 250, 1, 1]]}