{"mutate": 0.01, "average_fitness_history": [744.8416872348214, 806.5169050591577, 823.634449986516, 829.136805493539, 844.524148457366, 850.7088971741175, 855.5188385111792, 858.606560577453, 859.0498222528416, 853.9356461591219, 856.0877493663282, 860.5093333015427, 870.2104092335178, 856.0804774039483, 864.3420774026166, 866.4084700487012, 871.849914085652, 868.9866089925134, 872.4294409732499, 862.9248470571637, 869.8936931521926, 873.0553780466444, 868.193856981703, 866.2082921288684, 864.1101218306337, 872.9879774714226], "add_random": 0.2, "strongest_fitness_history": [931.9558033613863, 936.1158204980524, 939.8385910323982, 947.986569491431, 949.3688581966436, 949.3688581966436, 949.3688581966436, 955.1212462827795, 955.1212462827795, 957.4115145549442, 957.4318469750201, 958.7096170864492, 958.7096170864492, 958.7096170864492, 958.7096170864492, 959.1977729739426, 961.5491553345579, 961.5491553345579, 961.5491553345579, 961.5705647868724, 961.8168382845481, 961.8168382845481, 961.8316656435384, 961.8316656435384, 961.8316656435384, 961.8323652318367], "elite": 0.0, "populationSize": 1000, "generations": 25, "strongest_history": [[500, 600, 800, 1300, 1100, 1000, 600, 100, 1, 1], [500, 600, 800, 1300, 900, 900, 650, 200, 1, 1], [650, 550, 400, 900, 850, 1050, 400, 200, 1, 1], [750, 550, 400, 900, 850, 1100, 850, 200, 1, 1], [450, 500, 850, 1700, 1250, 1150, 1000, 250, 1, 1], [450, 500, 850, 1700, 1250, 1150, 1000, 250, 1, 1], [450, 500, 850, 1700, 1250, 1150, 1000, 250, 1, 1], [650, 550, 400, 1650, 1150, 1100, 1050, 250, 1, 1], [650, 550, 400, 1650, 1150, 1100, 1050, 250, 1, 1], [650, 500, 450, 1000, 1200, 1150, 550, 200, 1, 1], [650, 550, 550, 1050, 1150, 1150, 1050, 200, 1, 1], [650, 550, 550, 1050, 1150, 1150, 1050, 250, 1, 1], [650, 550, 550, 1050, 1150, 1150, 1050, 250, 1, 1], [650, 550, 550, 1050, 1150, 1150, 1050, 250, 1, 1], [650, 550, 550, 1050, 1150, 1150, 1050, 250, 1, 1], [650, 400, 550, 1050, 1150, 1150, 1050, 250, 1, 1], [500, 500, 400, 1000, 1200, 1150, 1050, 250, 1, 1], [500, 500, 400, 1000, 1200, 1150, 1050, 250, 1, 1], [500, 500, 400, 1000, 1200, 1150, 1050, 250, 1, 1], [550, 500, 450, 1000, 1200, 1150, 1050, 250, 1, 1], [500, 500, 550, 1050, 1200, 1150, 1050, 250, 1, 1], [500, 500, 550, 1050, 1200, 1150, 1050, 250, 1, 1], [500, 400, 550, 1050, 1200, 1150, 1050, 250, 1, 1], [500, 400, 550, 1050, 1200, 1150, 1050, 250, 1, 1], [500, 400, 550, 1050, 1200, 1150, 1050, 250, 1, 1], [550, 400, 550, 1050, 1200, 1150, 1050, 250, 1, 1]]}