{"mutate": 0.01, "average_fitness_history": [751.9218720218768, 816.302333214696, 831.4817128539594, 844.0097203623659, 845.7836336829774, 853.9937773928601, 859.0959186347455, 860.1828357788853, 864.5360194198713, 868.9641054235816, 853.9892791964331, 867.6227188449498, 863.4335346624753, 866.3791321840154, 869.8654401589309, 866.3673903797115, 864.1668979949018, 861.3612975319666, 876.4395536652938, 867.9529350235044, 864.2868011906426, 867.5594897290919, 869.2166912907625, 873.5524807148618, 868.5682874487516, 872.2943769134757], "add_random": 0.2, "strongest_fitness_history": [925.7484383374593, 945.4579104927046, 950.7707908484316, 950.7707908484316, 950.7707908484316, 950.9478208661487, 953.5459936463294, 955.9675829898246, 956.4348249664914, 959.9870310056448, 959.9870310056448, 959.9870310056448, 960.4457691900824, 960.4457691900824, 960.4457691900824, 962.1901556276664, 962.1901556276664, 962.1901556276664, 962.2422939775606, 962.2422939775606, 962.2422939775606, 962.2422939775606, 962.2422939775606, 962.2561515357677, 962.2561515357677, 962.2561515357677], "elite": 0.0, "populationSize": 1000, "generations": 25, "strongest_history": [[750, 550, 600, 950, 1050, 600, 550, 100, 1, 1], [550, 700, 400, 1750, 1150, 1150, 700, 150, 1, 1], [550, 500, 550, 1800, 1050, 1150, 950, 250, 1, 1], [550, 500, 550, 1800, 1050, 1150, 950, 250, 1, 1], [550, 500, 550, 1800, 1050, 1150, 950, 250, 1, 1], [750, 450, 650, 1600, 1250, 1100, 1000, 200, 1, 1], [650, 400, 650, 1600, 1250, 1100, 1000, 200, 1, 1], [650, 400, 350, 1900, 1250, 1150, 1000, 200, 1, 1], [650, 400, 650, 1600, 1250, 1150, 950, 250, 1, 1], [600, 450, 550, 1800, 1250, 1150, 1050, 250, 1, 1], [600, 450, 550, 1800, 1250, 1150, 1050, 250, 1, 1], [600, 450, 550, 1800, 1250, 1150, 1050, 250, 1, 1], [550, 500, 550, 1600, 1250, 1150, 1050, 250, 1, 1], [550, 500, 550, 1600, 1250, 1150, 1050, 250, 1, 1], [550, 500, 550, 1600, 1250, 1150, 1050, 250, 1, 1], [600, 450, 500, 950, 1250, 1150, 1050, 250, 1, 1], [600, 450, 500, 950, 1250, 1150, 1050, 250, 1, 1], [600, 450, 500, 950, 1250, 1150, 1050, 250, 1, 1], [550, 500, 550, 950, 1250, 1150, 1050, 250, 1, 1], [550, 500, 550, 950, 1250, 1150, 1050, 250, 1, 1], [550, 500, 550, 950, 1250, 1150, 1050, 250, 1, 1], [550, 500, 550, 950, 1250, 1150, 1050, 250, 1, 1], [550, 500, 550, 950, 1250, 1150, 1050, 250, 1, 1], [550, 450, 550, 950, 1250, 1150, 1050, 250, 1, 1], [550, 450, 550, 950, 1250, 1150, 1050, 250, 1, 1], [550, 450, 550, 950, 1250, 1150, 1050, 250, 1, 1]]}