{"mutate": 0.01, "average_fitness_history": [754.9660581048813, 814.5107427037212, 819.8134302314863, 826.3568352402307, 842.5484371924197, 850.9521022492236, 852.6277128704448, 857.4339480011283, 859.0395300868618, 859.4819113085762, 870.7829490369008, 865.5790265769199, 864.4344063340395, 869.8966087029299, 867.1339064369619, 858.3109768036162, 868.9121690367388, 867.6598953219786, 873.354464791316, 869.4979059615182, 868.9156383871623, 872.3601398140781, 875.5216642716068, 872.9544012479539, 868.6110499181987, 871.9256973773821], "add_random": 0.2, "strongest_fitness_history": [926.2670815267236, 942.5414678478282, 942.5414678478282, 943.5136945955666, 949.9573840800466, 952.4568029125858, 953.7583940487206, 955.53239628031, 958.3383160282943, 959.618243991137, 959.618243991137, 959.618243991137, 960.5486560002489, 961.1211054089098, 961.6043614181124, 962.0613508495751, 962.0613508495751, 962.0613508495751, 962.25544795318, 962.25544795318, 962.2561555740784, 962.2561555740784, 962.3112546635437, 962.3112546635437, 962.3112546635437, 962.3112546635437], "elite": 0.0, "populationSize": 1000, "generations": 25, "strongest_history": [[1250, 650, 350, 1050, 1200, 1150, 950, 150, 1, 1], [500, 400, 750, 1950, 1200, 1150, 300, 250, 1, 1], [500, 400, 900, 1950, 1200, 1150, 300, 250, 1, 1], [700, 500, 400, 2000, 1050, 1000, 1050, 200, 1, 1], [450, 600, 650, 1950, 1200, 1150, 300, 250, 1, 1], [550, 500, 650, 1550, 1200, 1150, 950, 150, 1, 1], [500, 500, 650, 1500, 1250, 1150, 950, 150, 1, 1], [500, 550, 750, 1150, 1250, 1150, 750, 250, 1, 1], [550, 500, 400, 1500, 1250, 1150, 600, 250, 1, 1], [500, 400, 450, 1000, 1250, 1150, 900, 250, 1, 1], [500, 550, 450, 1000, 1250, 1150, 900, 250, 1, 1], [500, 400, 450, 1000, 1250, 1150, 900, 250, 1, 1], [500, 500, 650, 1100, 1200, 1150, 1050, 250, 1, 1], [500, 400, 400, 1500, 1250, 1150, 1050, 250, 1, 1], [550, 500, 400, 1100, 1200, 1150, 1050, 150, 1, 1], [500, 400, 450, 1000, 1250, 1150, 1050, 250, 1, 1], [500, 400, 450, 1000, 1250, 1150, 1050, 250, 1, 1], [500, 400, 450, 1000, 1250, 1150, 1050, 250, 1, 1], [500, 400, 550, 1000, 1250, 1150, 1050, 250, 1, 1], [500, 400, 550, 1000, 1250, 1150, 1050, 250, 1, 1], [550, 400, 550, 1000, 1250, 1150, 1050, 250, 1, 1], [550, 400, 550, 1000, 1250, 1150, 1050, 250, 1, 1], [550, 400, 550, 1100, 1250, 1150, 1050, 250, 1, 1], [550, 400, 550, 1100, 1250, 1150, 1050, 250, 1, 1], [550, 400, 550, 1100, 1250, 1150, 1050, 250, 1, 1], [550, 400, 550, 1100, 1250, 1150, 1050, 250, 1, 1]]}