{"mutate": 0.01, "average_fitness_history": [751.8873792207312, 811.2182678747688, 830.2042577308874, 841.3460656493321, 851.2107164860622, 852.4316737325506, 853.0438088868555, 862.0802641984357, 861.7801216443378, 862.9926865267803, 858.5256905555902, 859.7977125704995, 868.1343233200718, 864.0165793497171, 858.2865677006758, 866.3833579784203, 864.714767173739, 863.8378232118893, 868.2612513367521, 866.6897530457352, 865.3253949187998, 869.7336305257385, 868.9462977507314, 871.135027849737, 867.8000480147635, 869.2899243753578], "add_random": 0.2, "strongest_fitness_history": [943.8002281791097, 943.8002281791097, 947.4931998227686, 947.8287631430238, 955.2185372877524, 955.2185372877524, 957.1130336127436, 958.5619645090648, 958.5619645090648, 958.5619645090648, 960.7124536010032, 960.7124536010032, 961.0003776322334, 961.9902044772712, 961.9902044772712, 962.0613508495751, 962.2844802089668, 962.3336238954655, 962.3336238954655, 962.3336238954655, 962.3336238954655, 962.3336238954655, 962.3336238954655, 962.3336238954655, 962.3336238954655, 962.3336238954655], "elite": 0.0, "populationSize": 1000, "generations": 25, "strongest_history": [[550, 700, 450, 1900, 850, 1150, 750, 200, 1, 1], [550, 700, 450, 1900, 850, 1150, 750, 200, 1, 1], [500, 650, 450, 800, 1150, 1150, 350, 250, 1, 1], [750, 400, 500, 1650, 1150, 1100, 600, 150, 1, 1], [750, 400, 500, 1800, 1200, 1100, 1050, 200, 1, 1], [750, 400, 500, 1800, 1200, 1100, 1050, 200, 1, 1], [750, 400, 400, 1150, 1250, 1150, 1000, 200, 1, 1], [500, 400, 500, 1150, 1250, 1150, 1000, 200, 1, 1], [500, 400, 500, 1150, 1250, 1150, 1000, 200, 1, 1], [500, 400, 500, 1150, 1250, 1150, 1000, 200, 1, 1], [650, 400, 400, 1150, 1250, 1150, 1050, 200, 1, 1], [650, 400, 400, 1150, 1250, 1150, 1050, 200, 1, 1], [600, 500, 550, 1200, 1250, 1150, 1050, 200, 1, 1], [650, 400, 400, 1150, 1250, 1150, 1050, 250, 1, 1], [650, 400, 400, 1150, 1250, 1150, 550, 250, 1, 1], [500, 400, 450, 1000, 1250, 1150, 1050, 250, 1, 1], [500, 400, 500, 1650, 1250, 1150, 1050, 250, 1, 1], [500, 400, 550, 1150, 1250, 1150, 1050, 250, 1, 1], [500, 400, 550, 1150, 1250, 1150, 1050, 250, 1, 1], [500, 400, 550, 1150, 1250, 1150, 1050, 250, 1, 1], [500, 400, 550, 1150, 1250, 1150, 1050, 250, 1, 1], [500, 400, 550, 1150, 1250, 1150, 1050, 250, 1, 1], [500, 400, 550, 1150, 1250, 1150, 1050, 250, 1, 1], [500, 400, 550, 1150, 1250, 1150, 1050, 250, 1, 1], [500, 400, 550, 1150, 1250, 1150, 750, 250, 1, 1], [500, 400, 550, 1150, 1250, 1150, 1050, 250, 1, 1]]}