{"mutate": 0.01, "average_fitness_history": [751.2828887683038, 814.3923379081626, 834.6875047545138, 842.2915772957241, 849.418419219153, 851.318521912132, 861.4266533943083, 861.7375264210252, 857.3037302054445, 862.6598721283539, 867.8541658476545, 862.8649653293455, 869.1641923536207, 862.9501432782181, 862.5888001326264, 863.2103629802356, 872.0392389004553, 869.1152591965155, 864.7174184670935, 863.2918734545865, 868.1832193627886, 869.449447366374, 867.3037689094842, 871.1391644471747, 871.8967320596472, 865.0256327965842], "add_random": 0.2, "strongest_fitness_history": [942.0262100050104, 943.3154941758272, 947.3537760073377, 957.9355827433444, 957.9355827433444, 957.9355827433444, 958.2274747638254, 958.24496411264, 958.2456293127203, 959.2177701586994, 959.5466479801656, 961.675857454457, 961.8637943490721, 962.0867347435101, 962.0867347435101, 962.0867347435101, 962.3105432494651, 962.3105432494651, 962.3105432494651, 962.3105432494651, 962.3112546635437, 962.3112546635437, 962.3112546635437, 962.3112546635437, 962.3112546635437, 962.3112546635437], "elite": 0.0, "populationSize": 1000, "generations": 25, "strongest_history": [[650, 450, 600, 1650, 950, 1150, 450, 100, 1, 1], [650, 450, 600, 1650, 950, 1150, 450, 150, 1, 1], [650, 450, 600, 950, 1150, 750, 700, 200, 1, 1], [650, 450, 600, 1100, 1250, 1150, 950, 200, 1, 1], [650, 450, 600, 1100, 1250, 1150, 950, 200, 1, 1], [650, 450, 600, 1100, 1250, 1150, 950, 200, 1, 1], [600, 450, 600, 1100, 1250, 1150, 950, 200, 1, 1], [650, 450, 400, 1100, 1250, 1150, 950, 200, 1, 1], [550, 450, 600, 1100, 1250, 1150, 950, 200, 1, 1], [650, 450, 600, 1100, 1250, 1150, 950, 250, 1, 1], [650, 450, 450, 1100, 1250, 1150, 950, 250, 1, 1], [650, 450, 600, 1100, 1250, 1150, 1050, 250, 1, 1], [450, 550, 400, 1100, 1250, 1150, 1050, 250, 1, 1], [450, 450, 400, 1100, 1250, 1150, 1050, 250, 1, 1], [450, 450, 400, 1100, 1250, 1150, 1050, 250, 1, 1], [450, 450, 400, 1100, 1250, 1150, 1050, 250, 1, 1], [450, 400, 550, 1100, 1250, 1150, 1050, 250, 1, 1], [450, 400, 550, 1100, 1250, 1150, 1050, 250, 1, 1], [450, 1600, 550, 1100, 1250, 1150, 1050, 250, 1, 1], [450, 400, 550, 1100, 1250, 1150, 1050, 250, 1, 1], [550, 400, 550, 1100, 1250, 1150, 1050, 250, 1, 1], [550, 400, 550, 1100, 1250, 1150, 1050, 250, 1, 1], [550, 400, 550, 1100, 1250, 1150, 1050, 250, 1, 1], [550, 400, 550, 1100, 1250, 1150, 1050, 250, 1, 1], [550, 400, 550, 1100, 1250, 1150, 1050, 250, 1, 1], [550, 400, 550, 1100, 1250, 1150, 1050, 250, 1, 1]]}