{"mutate": 0.01, "average_fitness_history": [751.6950977332082, 815.8655965625633, 828.290722935541, 841.2101938363198, 849.2359383864139, 849.3125835568874, 854.9424976306354, 850.7425633397863, 862.3477736135749, 869.8628108746541, 863.4968286160631, 856.5712838021616, 864.7442112732476, 871.5710672165341, 862.4198096301288, 868.2389809766468, 870.9594506669825, 871.5255540579011, 867.1924113605351, 869.0270159883456, 865.7108367124642, 865.8831004586717, 877.2537582326539, 868.5125786943082, 860.7947570261998, 873.5073227456643], "add_random": 0.2, "strongest_fitness_history": [946.1731240798135, 947.7167895978856, 950.9586634545271, 955.5537265945817, 955.5537265945817, 955.5537265945817, 955.5537265945817, 956.9425064475017, 957.3760226765542, 960.2078744957025, 960.2404206824029, 960.2404206824029, 960.6112635421196, 960.6112635421196, 960.6112635421196, 961.4452755904385, 961.4452755904385, 961.9239081445322, 961.9239081445322, 962.2942267484866, 962.3105432494651, 962.3105432494651, 962.3130617166192, 962.3130617166192, 962.3130617166192, 962.3130617166192], "elite": 0.0, "populationSize": 1000, "generations": 25, "strongest_history": [[450, 400, 550, 900, 1250, 750, 800, 100, 1, 1], [600, 400, 450, 1500, 1250, 750, 500, 250, 1, 1], [450, 400, 550, 1100, 1200, 850, 550, 250, 1, 1], [650, 450, 650, 1550, 1200, 1150, 700, 250, 1, 1], [650, 450, 650, 1550, 1200, 1150, 700, 250, 1, 1], [650, 450, 650, 1550, 1200, 1150, 700, 250, 1, 1], [650, 450, 650, 1550, 1200, 1150, 700, 250, 1, 1], [600, 400, 400, 1850, 1200, 1150, 700, 250, 1, 1], [600, 500, 550, 900, 1200, 1150, 550, 200, 1, 1], [600, 500, 550, 900, 1250, 1100, 1050, 250, 1, 1], [450, 400, 550, 900, 1250, 1100, 1050, 250, 1, 1], [450, 400, 550, 900, 1250, 1100, 1050, 250, 1, 1], [600, 400, 550, 1200, 1250, 1100, 1050, 250, 1, 1], [600, 400, 550, 1200, 1250, 1100, 1050, 250, 1, 1], [600, 400, 550, 1200, 1250, 1100, 1050, 250, 1, 1], [450, 400, 550, 900, 1200, 1150, 1050, 250, 1, 1], [450, 400, 550, 900, 1200, 1150, 1050, 250, 1, 1], [450, 400, 550, 900, 1250, 1150, 1050, 250, 1, 1], [450, 400, 550, 900, 1250, 1150, 1050, 250, 1, 1], [600, 400, 550, 1050, 1250, 1150, 1050, 250, 1, 1], [450, 400, 550, 1100, 1250, 1150, 1050, 250, 1, 1], [450, 400, 550, 1100, 1250, 1150, 1050, 250, 1, 1], [450, 400, 550, 1200, 1250, 1150, 1050, 250, 1, 1], [450, 400, 550, 1200, 1250, 1150, 1050, 250, 1, 1], [450, 400, 550, 1200, 1250, 1150, 1050, 250, 1, 1], [450, 400, 550, 1200, 1250, 1150, 1050, 250, 1, 1]]}