{"mutate": 0.01, "average_fitness_history": [754.0563196469286, 808.4767003573369, 827.2255030991086, 842.5663498219715, 842.0451227388702, 851.3353261087343, 859.6311538944077, 861.4278182544311, 851.2043328263175, 856.8566572039821, 861.9041527538964, 855.3778112350109, 862.755532667442, 862.1730892623403, 865.9781169357649, 868.1867565960803, 868.3918804449052, 870.6018612884924, 865.6813724242357, 859.6137178186214, 869.301209898816, 869.6433694622283, 869.8557771473621, 867.0378767834311, 871.449377769634, 870.071006565932], "add_random": 0.2, "strongest_fitness_history": [927.5885475824147, 939.5889707068403, 942.6703019243542, 950.4777688391263, 950.4777688391263, 950.4777688391263, 953.1925980769001, 956.7044173277222, 956.7044173277222, 957.476902794249, 958.7652019931344, 959.1040610687128, 960.2356849331343, 961.5651885168519, 962.0282190307016, 962.0282190307016, 962.1901556276664, 962.1901556276664, 962.1901556276664, 962.2064695940901, 962.2681780931503, 962.2681780931503, 962.2844669425473, 962.2844669425473, 962.2844775414708, 962.2844775414708], "elite": 0.0, "populationSize": 1000, "generations": 25, "strongest_history": [[700, 700, 350, 550, 1200, 800, 600, 100, 1, 1], [450, 400, 700, 1800, 800, 850, 850, 250, 1, 1], [600, 600, 600, 2000, 1200, 1000, 750, 150, 1, 1], [600, 400, 550, 1400, 800, 1150, 600, 250, 1, 1], [600, 400, 550, 1400, 800, 1150, 600, 250, 1, 1], [600, 400, 550, 1400, 800, 1150, 600, 250, 1, 1], [600, 600, 600, 2050, 1200, 1150, 650, 200, 1, 1], [450, 450, 550, 2050, 1200, 1150, 600, 250, 1, 1], [450, 450, 550, 2050, 1200, 1150, 600, 250, 1, 1], [450, 400, 600, 1150, 1200, 1150, 600, 200, 1, 1], [700, 450, 350, 1000, 1250, 1150, 600, 250, 1, 1], [450, 400, 600, 1150, 1200, 1150, 850, 250, 1, 1], [600, 400, 350, 1600, 1250, 1150, 1050, 250, 1, 1], [700, 450, 350, 1000, 1250, 1150, 1050, 250, 1, 1], [600, 400, 400, 1000, 1250, 1150, 1050, 250, 1, 1], [600, 400, 400, 1000, 1250, 1150, 1050, 250, 1, 1], [600, 450, 500, 1000, 1250, 1150, 1050, 250, 1, 1], [600, 450, 500, 1000, 1250, 1150, 1050, 250, 1, 1], [600, 450, 500, 1000, 1250, 1150, 1050, 250, 1, 1], [500, 450, 500, 1000, 1250, 1150, 1050, 250, 1, 1], [600, 450, 500, 1150, 1250, 1150, 1050, 250, 1, 1], [600, 450, 500, 1150, 1250, 1150, 1050, 250, 1, 1], [450, 450, 500, 1150, 1250, 1150, 1050, 250, 1, 1], [450, 450, 500, 1150, 1250, 1150, 1050, 250, 1, 1], [450, 400, 500, 1150, 1250, 1150, 1050, 250, 1, 1], [450, 400, 500, 1150, 1250, 1150, 1050, 250, 1, 1]]}