{"mutate": 0.01, "average_fitness_history": [747.6063538516632, 816.0383998819772, 833.8952460433403, 840.211912142478, 839.6640879965536, 850.9379587720763, 869.3116059920562, 851.5176990296857, 866.7741848558344, 867.5742939718637, 857.6771965482103, 856.7451510063892, 871.5621146771074, 862.8287633191826, 868.7763005761439, 868.3021416546881, 868.4351259057398, 864.4066493454528, 865.5890035525432, 870.9261323791997, 867.843522908082, 867.492902055884, 871.2047570158717, 868.9897919233978, 866.008825413471, 866.642432969824], "add_random": 0.2, "strongest_fitness_history": [943.0499684234356, 943.0499684234356, 943.0499684234356, 950.3636647900825, 950.3636647900825, 955.987390732073, 956.1661370038952, 958.7877885067868, 958.7877885067868, 958.7877885067868, 959.7897449142898, 959.9277257909092, 959.9950345072084, 962.0831553376397, 962.2844747776771, 962.2844747776771, 962.2851872121036, 962.2851872121036, 962.2851872121036, 962.2851872121036, 962.3204720697564, 962.3204720697564, 962.3204720697564, 962.3204720697564, 962.3336184580401, 962.3336184580401], "elite": 0.0, "populationSize": 1000, "generations": 25, "strongest_history": [[750, 700, 450, 1300, 1150, 1100, 400, 250, 1, 1], [750, 700, 450, 1300, 1150, 1100, 400, 250, 1, 1], [750, 700, 450, 1300, 1150, 1100, 400, 250, 1, 1], [750, 600, 350, 1400, 1250, 1000, 1050, 250, 1, 1], [750, 600, 350, 1400, 1250, 1000, 1050, 250, 1, 1], [500, 450, 400, 900, 1200, 1100, 650, 200, 1, 1], [550, 500, 400, 1300, 1150, 1150, 550, 250, 1, 1], [500, 600, 350, 1300, 1250, 1100, 1050, 250, 1, 1], [500, 600, 350, 1300, 1250, 1100, 1050, 250, 1, 1], [500, 600, 350, 1300, 1250, 1100, 1050, 250, 1, 1], [600, 500, 550, 900, 1200, 1100, 1050, 250, 1, 1], [550, 500, 450, 1300, 1250, 1100, 1050, 250, 1, 1], [600, 550, 350, 400, 1250, 1150, 1050, 250, 1, 1], [600, 400, 400, 1100, 1250, 1150, 1050, 250, 1, 1], [500, 450, 500, 1150, 1250, 1150, 1050, 250, 1, 1], [500, 450, 500, 1150, 1250, 1150, 1050, 250, 1, 1], [550, 400, 500, 1150, 1250, 1150, 1050, 250, 1, 1], [550, 400, 500, 1150, 1250, 1150, 1050, 250, 1, 1], [550, 400, 500, 1150, 1250, 1150, 1050, 250, 1, 1], [550, 400, 500, 1150, 1250, 1150, 1050, 250, 1, 1], [550, 500, 550, 1150, 1250, 1150, 1050, 250, 1, 1], [550, 500, 550, 1150, 1250, 1150, 1050, 250, 1, 1], [550, 500, 550, 1150, 1250, 1150, 1050, 250, 1, 1], [550, 500, 550, 1150, 1250, 1150, 1050, 250, 1, 1], [500, 450, 550, 1150, 1250, 1150, 1050, 250, 1, 1], [500, 450, 550, 1150, 1250, 1150, 1050, 250, 1, 1]]}