{"mutate": 0.01, "average_fitness_history": [750.7917381621754, 814.3805565441794, 833.4863525553683, 841.0660816984253, 844.4678747317175, 852.4163165685803, 853.8557607000926, 860.7221104186698, 863.7923137727345, 864.9754086749008, 862.1692390700965, 860.2968374379647, 861.5691560373543, 866.072876722353, 867.5538690385539, 857.4462025157264, 868.6886349306809, 870.9446310373023, 867.6746745222614, 868.6353073949094, 871.9296168670902, 860.9762899295457, 863.5227934249201, 863.7157497352936, 864.601702613347, 874.768685166873], "add_random": 0.2, "strongest_fitness_history": [940.2024042738988, 940.2024042738988, 943.133859682808, 947.4316197177023, 956.6188262077553, 956.6188262077553, 959.8933736282916, 959.8933736282916, 959.8933736282916, 959.8933736282916, 959.8933736282916, 960.3685048264907, 960.369545803659, 961.1663884768514, 961.1977222653924, 961.6112911591745, 962.0891253544271, 962.0891253544271, 962.0891253544271, 962.1169938319272, 962.2967351886232, 962.3130617166192, 962.3130617166192, 962.3137694388748, 962.3137694388748, 962.3137694388748], "elite": 0.0, "populationSize": 1000, "generations": 25, "strongest_history": [[600, 650, 500, 850, 900, 900, 550, 250, 1, 1], [600, 650, 500, 850, 900, 900, 550, 250, 1, 1], [700, 400, 350, 1000, 850, 700, 800, 250, 1, 1], [600, 450, 500, 1200, 1200, 1050, 800, 150, 1, 1], [600, 450, 450, 1750, 1200, 1150, 550, 250, 1, 1], [600, 450, 450, 1750, 1200, 1150, 550, 250, 1, 1], [700, 400, 450, 1100, 1200, 1150, 1050, 200, 1, 1], [700, 400, 450, 1100, 1200, 1150, 1050, 200, 1, 1], [700, 400, 450, 1100, 1200, 1150, 1050, 200, 1, 1], [700, 400, 450, 1100, 1200, 1150, 1050, 200, 1, 1], [700, 400, 450, 1100, 1200, 1150, 1050, 200, 1, 1], [550, 400, 450, 1100, 1200, 1150, 1050, 200, 1, 1], [450, 400, 450, 1200, 1200, 1150, 1050, 200, 1, 1], [700, 400, 450, 1100, 1200, 1150, 1050, 250, 1, 1], [700, 400, 500, 1200, 1200, 1150, 1050, 250, 1, 1], [550, 450, 350, 1200, 1200, 1150, 1050, 250, 1, 1], [550, 400, 350, 1200, 1250, 1150, 1050, 250, 1, 1], [550, 400, 350, 1200, 1250, 1150, 1050, 250, 1, 1], [550, 400, 350, 1200, 1250, 1150, 1050, 250, 1, 1], [550, 400, 450, 1100, 1250, 1150, 1050, 250, 1, 1], [600, 450, 550, 1200, 1250, 1150, 1050, 250, 1, 1], [450, 400, 550, 1200, 1250, 1150, 1050, 250, 1, 1], [450, 400, 550, 1200, 1250, 1150, 1050, 250, 1, 1], [550, 450, 550, 1200, 1250, 1150, 1050, 250, 1, 1], [550, 450, 550, 1200, 1250, 1150, 1050, 250, 1, 1], [550, 450, 550, 1200, 1250, 1150, 1050, 250, 1, 1]]}