{"mutate": 0.01, "average_fitness_history": [752.262140097249, 815.3764800164759, 830.0227749153679, 846.7157396173203, 846.0077670667379, 849.8136229490004, 861.7683163018365, 851.191284435081, 865.7692847442652, 865.989378187004, 859.2124432942047, 865.5417785443868, 867.8442004921125, 870.4145636536377, 866.2595530068165, 870.8381963519244, 864.6441786949367, 869.2864114696965, 867.628309012442, 866.5551316513858, 866.9563395204768, 869.8952965412866, 872.9880914671796, 873.7966269756926, 868.2716235461337, 873.1993092192392], "add_random": 0.2, "strongest_fitness_history": [936.6469290037493, 939.375208769433, 942.3140156245393, 942.3140156245393, 947.4461920703449, 947.5202025794166, 954.423819351451, 958.5640261436783, 958.5640261436783, 959.8283129641528, 959.8439916657549, 959.8439916657549, 961.9909602069174, 961.9909602069174, 961.9909602069174, 962.2942267484866, 962.3105432494651, 962.3105432494651, 962.3112546635437, 962.3112546635437, 962.3112546635437, 962.3112546635437, 962.3112546635437, 962.3112546635437, 962.3112546635437, 962.3112546635437], "elite": 0.0, "populationSize": 1000, "generations": 25, "strongest_history": [[500, 800, 550, 1050, 1250, 1050, 550, 200, 1, 1], [550, 600, 350, 1400, 850, 950, 500, 200, 1, 1], [450, 500, 550, 1100, 900, 650, 1000, 250, 1, 1], [450, 500, 550, 1100, 900, 650, 1000, 250, 1, 1], [600, 500, 700, 1050, 950, 1150, 350, 250, 1, 1], [600, 400, 350, 900, 1150, 1000, 800, 200, 1, 1], [700, 400, 600, 1800, 1250, 1100, 750, 250, 1, 1], [600, 400, 550, 1050, 1250, 1150, 700, 200, 1, 1], [600, 400, 550, 1050, 1250, 1150, 700, 200, 1, 1], [600, 500, 550, 1050, 1250, 1150, 900, 250, 1, 1], [600, 400, 550, 1050, 1250, 1150, 700, 250, 1, 1], [600, 400, 550, 1050, 1250, 1150, 700, 250, 1, 1], [450, 400, 550, 1250, 1250, 1150, 1050, 250, 1, 1], [450, 400, 550, 1300, 1250, 1150, 1050, 250, 1, 1], [450, 400, 550, 1250, 1250, 1150, 1050, 250, 1, 1], [1500, 400, 550, 1050, 1250, 1150, 1050, 250, 1, 1], [2650, 400, 550, 1050, 1250, 1150, 1050, 250, 1, 1], [450, 400, 550, 1050, 1250, 1150, 1050, 250, 1, 1], [550, 400, 550, 1050, 1250, 1150, 1050, 250, 1, 1], [550, 400, 550, 1050, 1250, 1150, 1050, 250, 1, 1], [550, 400, 550, 1050, 1250, 1150, 1050, 250, 1, 1], [550, 400, 550, 1050, 1250, 1150, 1050, 250, 1, 1], [550, 400, 550, 1050, 1250, 1150, 1050, 250, 1, 1], [550, 400, 550, 1050, 1250, 1150, 1050, 250, 1, 1], [550, 400, 550, 1050, 1250, 1150, 1050, 250, 1, 1], [550, 400, 550, 1050, 1250, 1150, 1050, 250, 1, 1]]}