{"mutate": 0.01, "average_fitness_history": [754.0283249984265, 814.7811540019351, 825.8215239220538, 842.6433038592046, 848.6071262098042, 846.516030697578, 855.3136431412596, 851.0569834302341, 856.7621440951855, 855.3940493597561, 860.650074305388, 862.4348479025856, 864.7338708240759, 860.8076491220678, 850.7304969485581, 870.0247452003098, 862.6689162492614, 873.9671358981196, 866.9724699414209, 862.5306498948117, 871.2235465367876, 874.1059269758358, 866.2385046015413, 869.6779531450895, 866.3525161508774, 863.3194191662565], "add_random": 0.2, "strongest_fitness_history": [933.5425546741724, 942.7501427311255, 942.7501427311255, 948.9619876419129, 950.4623128146173, 954.7312957263473, 954.7312957263473, 955.0492729249614, 957.3871140074743, 957.3871140074743, 957.3871140074743, 957.8318747182497, 960.5188679682453, 960.5188679682453, 960.5188679682453, 960.5188679682453, 960.5188679682453, 961.797233083261, 962.0317717828298, 962.0317717828298, 962.0317717828298, 962.1031566754538, 962.1031566754538, 962.1031566754538, 962.2406371677284, 962.2406371677284], "elite": 0.0, "populationSize": 1000, "generations": 25, "strongest_history": [[600, 550, 350, 1600, 1050, 650, 450, 150, 1, 1], [600, 550, 350, 1600, 1050, 1150, 500, 100, 1, 1], [600, 550, 350, 1600, 1050, 1150, 500, 100, 1, 1], [600, 600, 450, 1050, 1150, 950, 1050, 200, 1, 1], [500, 550, 350, 1600, 1050, 1150, 550, 250, 1, 1], [650, 400, 650, 1600, 1200, 1150, 950, 200, 1, 1], [650, 400, 650, 1600, 1200, 1150, 950, 200, 1, 1], [550, 400, 650, 1600, 1200, 1150, 950, 200, 1, 1], [450, 400, 450, 1250, 1250, 1100, 550, 250, 1, 1], [450, 400, 450, 1250, 1250, 1100, 550, 250, 1, 1], [450, 400, 450, 1250, 1250, 1100, 550, 250, 1, 1], [650, 400, 650, 1050, 1200, 1150, 950, 250, 1, 1], [450, 400, 450, 1250, 1250, 1150, 1050, 200, 1, 1], [450, 400, 450, 1250, 1250, 1150, 1050, 200, 1, 1], [450, 400, 450, 1250, 1250, 1150, 1050, 200, 1, 1], [450, 400, 450, 1250, 1250, 1150, 1050, 200, 1, 1], [450, 400, 450, 1250, 1250, 1150, 1050, 200, 1, 1], [450, 400, 450, 1250, 1250, 1150, 1050, 250, 1, 1], [550, 400, 350, 1000, 1250, 1150, 1050, 250, 1, 1], [550, 400, 350, 1000, 1250, 1150, 1050, 250, 1, 1], [550, 400, 350, 1000, 1250, 1150, 1050, 250, 1, 1], [550, 500, 450, 1050, 1250, 1150, 1050, 250, 1, 1], [550, 500, 450, 1050, 1250, 1150, 1050, 250, 1, 1], [550, 500, 450, 1050, 1250, 1150, 1050, 250, 1, 1], [500, 500, 550, 1000, 1250, 1150, 1050, 250, 1, 1], [500, 500, 550, 1000, 1250, 1150, 1050, 250, 1, 1]]}