{"mutate": 0.01, "average_fitness_history": [753.5180485301065, 814.6617239004441, 828.5331208957622, 834.3181097821313, 843.7519254058653, 859.206954668596, 852.6297270760118, 855.5510731858761, 856.9340115048203, 857.6184055929509, 856.0912200618234, 867.3249452585212, 871.4530618098987, 865.4854140811228, 861.5522760837932, 868.2461104169878, 860.0706557306074, 868.8460124819445, 868.1877891256215, 860.7501789948327, 867.8435871855222, 866.3464351689628, 869.4786471288453, 866.9883839250631, 869.3992977403606, 872.4715683129338], "add_random": 0.2, "strongest_fitness_history": [935.0386046259708, 940.5085999246515, 947.5946163952351, 948.090809633421, 948.090809633421, 952.136759666532, 955.0501367742665, 956.0108558866497, 956.0108558866497, 956.4376238073319, 957.1538185363247, 958.6045719959507, 958.9907054711744, 961.3979228023476, 962.1392672369562, 962.1392672369562, 962.1392672369562, 962.1392672369562, 962.1392672369562, 962.1392672369562, 962.2646589380022, 962.2646589380022, 962.2646589380022, 962.2646589380022, 962.2646589380022, 962.2646589380022], "elite": 0.0, "populationSize": 1000, "generations": 25, "strongest_history": [[700, 450, 750, 1500, 850, 750, 450, 200, 1, 1], [900, 500, 500, 1600, 1100, 750, 1050, 250, 1, 1], [900, 500, 500, 1050, 900, 1150, 900, 250, 1, 1], [900, 500, 500, 1250, 900, 1100, 1050, 250, 1, 1], [900, 500, 500, 1250, 900, 1100, 1050, 250, 1, 1], [550, 550, 500, 1300, 950, 1150, 950, 250, 1, 1], [750, 500, 350, 1500, 1150, 1150, 800, 250, 1, 1], [650, 500, 500, 800, 1200, 1150, 950, 250, 1, 1], [650, 500, 500, 800, 1200, 1150, 950, 250, 1, 1], [550, 550, 600, 1200, 1150, 1150, 950, 250, 1, 1], [550, 550, 500, 1850, 1250, 1150, 700, 250, 1, 1], [550, 550, 500, 900, 1200, 1150, 900, 250, 1, 1], [450, 450, 500, 900, 1200, 1150, 650, 250, 1, 1], [500, 450, 500, 900, 1100, 1150, 1050, 250, 1, 1], [500, 400, 450, 1150, 1250, 1150, 1050, 250, 1, 1], [500, 400, 450, 1150, 1250, 1150, 1050, 250, 1, 1], [500, 400, 450, 1150, 1250, 1150, 1050, 250, 1, 1], [500, 400, 450, 1150, 1250, 1150, 1050, 250, 1, 1], [500, 400, 450, 1150, 1250, 1150, 1050, 250, 1, 1], [500, 400, 450, 1150, 1250, 1150, 1050, 250, 1, 1], [550, 400, 500, 1200, 1250, 1150, 1050, 250, 1, 1], [550, 400, 500, 1200, 1250, 1150, 1050, 250, 1, 1], [550, 400, 500, 1200, 1250, 1150, 1050, 250, 1, 1], [550, 400, 500, 1200, 1250, 1150, 1050, 250, 1, 1], [550, 400, 500, 1200, 1250, 1150, 1050, 250, 1, 1], [550, 400, 500, 1200, 1250, 1150, 1050, 250, 1, 1]]}