{"mutate": 0.01, "average_fitness_history": [752.2377783074094, 812.6163872096513, 831.3848200638308, 844.1165981498682, 841.9586827162608, 850.4426175182682, 856.6576865122424, 861.7216567428105, 859.9152457007075, 866.5225561004632, 867.4494021339918, 861.9984077698978, 866.7840883464337, 867.5544245322267, 865.2513707848619, 868.8028202725052, 866.7118901616071, 873.994421230193, 864.410493726205, 862.2751665949653, 866.7812295059591, 871.8021942770748, 870.3722645635139, 871.9053856248871, 873.0772055267203, 875.2544210488209], "add_random": 0.2, "strongest_fitness_history": [945.5148701270426, 945.5148701270426, 945.5148701270426, 945.6263283560705, 957.8392915276636, 957.8392915276636, 958.1996378236735, 958.1996378236735, 958.1996378236735, 958.1996378236735, 961.0009399345536, 961.0009399345536, 961.094829959571, 961.9766101665465, 961.9766101665465, 961.9766101665465, 962.116285104277, 962.2614534562691, 962.2614534562691, 962.2614534562691, 962.2614534562691, 962.2614534562691, 962.2614534562691, 962.262161267092, 962.262161267092, 962.262161267092], "elite": 0.0, "populationSize": 1000, "generations": 25, "strongest_history": [[500, 650, 350, 900, 1100, 1150, 750, 150, 1, 1], [500, 650, 350, 900, 1100, 1150, 750, 150, 1, 1], [500, 650, 350, 900, 1100, 1150, 750, 150, 1, 1], [500, 650, 350, 900, 1100, 1150, 300, 250, 1, 1], [550, 550, 500, 2000, 1200, 1150, 1050, 200, 1, 1], [550, 550, 500, 2000, 1200, 1150, 1050, 200, 1, 1], [500, 650, 350, 900, 1200, 1150, 1050, 250, 1, 1], [500, 650, 350, 900, 1200, 1150, 1050, 250, 1, 1], [500, 650, 350, 900, 1200, 1150, 1050, 250, 1, 1], [500, 650, 350, 900, 1200, 1150, 1050, 250, 1, 1], [550, 550, 350, 900, 1200, 1150, 1050, 250, 1, 1], [550, 550, 350, 900, 1200, 1150, 1050, 250, 1, 1], [600, 1250, 600, 900, 1200, 1150, 1050, 250, 1, 1], [650, 500, 450, 1100, 1250, 1150, 1050, 250, 1, 1], [650, 500, 450, 1100, 1250, 1150, 1050, 250, 1, 1], [650, 500, 450, 1100, 1250, 1150, 1050, 250, 1, 1], [500, 450, 450, 1100, 1250, 1150, 1050, 250, 1, 1], [500, 450, 500, 1100, 1250, 1150, 1050, 250, 1, 1], [500, 450, 1450, 1100, 1250, 1150, 1050, 250, 1, 1], [500, 450, 500, 1100, 1250, 1150, 1050, 250, 1, 1], [500, 450, 500, 1100, 1250, 1150, 1050, 250, 1, 1], [500, 450, 500, 1100, 1250, 1150, 1050, 250, 1, 1], [500, 450, 500, 1100, 1250, 1150, 1050, 250, 1, 1], [550, 450, 500, 1100, 1250, 1150, 1050, 250, 1, 1], [550, 450, 500, 1100, 1250, 1150, 1050, 250, 1, 1], [550, 450, 500, 1100, 1250, 1150, 1050, 250, 1, 1]]}