{"mutate": 0.01, "average_fitness_history": [753.3342477770418, 809.9574076323993, 824.1935148073136, 835.2029528929621, 845.8574462749583, 849.4335917048215, 855.6485790490152, 859.7812485066821, 858.3248483756159, 865.4418921893388, 872.8346195100027, 859.5676055108893, 860.5073002695538, 871.8836765423471, 866.6478830546265, 869.4731578178619, 866.3849967425614, 874.4631329005881, 869.3493994520732, 867.8771109646926, 877.179005662439, 868.3356887883442, 868.8702147713719, 868.2404242541609, 869.4434621910558, 870.0200889024336], "add_random": 0.2, "strongest_fitness_history": [942.6339799438857, 946.9796508604085, 946.9796508604085, 949.8540246573041, 953.935283488178, 953.935283488178, 953.935283488178, 955.0433998371018, 958.4677974093767, 959.5475160890453, 959.5475160890453, 962.0229222316752, 962.0229222316752, 962.0229222316752, 962.24764106207, 962.24764106207, 962.24764106207, 962.24764106207, 962.24764106207, 962.2982481637757, 962.2982481637757, 962.2982481637757, 962.2982481637757, 962.313051096304, 962.3130589500779, 962.3130589500779], "elite": 0.0, "populationSize": 1000, "generations": 25, "strongest_history": [[700, 500, 450, 1800, 900, 950, 800, 250, 1, 1], [500, 700, 350, 850, 1250, 950, 1050, 250, 1, 1], [500, 700, 350, 850, 1250, 950, 1050, 250, 1, 1], [700, 500, 450, 1800, 1150, 1100, 450, 200, 1, 1], [650, 550, 450, 850, 1150, 1150, 650, 200, 1, 1], [650, 550, 450, 850, 1150, 1150, 650, 200, 1, 1], [650, 550, 450, 850, 1150, 1150, 650, 200, 1, 1], [500, 500, 400, 1000, 1150, 1100, 600, 250, 1, 1], [600, 450, 500, 950, 1250, 1150, 650, 200, 1, 1], [600, 450, 500, 1500, 1200, 1150, 1050, 200, 1, 1], [600, 450, 500, 1500, 1200, 1150, 1050, 200, 1, 1], [600, 500, 400, 1000, 1250, 1150, 1050, 250, 1, 1], [600, 500, 400, 1000, 1250, 1150, 1050, 250, 1, 1], [600, 500, 400, 1000, 1250, 1150, 1050, 250, 1, 1], [600, 1350, 500, 1200, 1250, 1150, 1050, 250, 1, 1], [600, 450, 500, 1200, 1250, 1150, 1050, 250, 1, 1], [600, 450, 500, 1200, 1250, 1150, 1050, 250, 1, 1], [600, 450, 500, 1200, 1250, 1150, 1050, 250, 1, 1], [600, 2150, 500, 1200, 1250, 1150, 1050, 250, 1, 1], [500, 500, 550, 1200, 1250, 1150, 1050, 250, 1, 1], [500, 500, 550, 1200, 1250, 1150, 1050, 250, 1, 1], [500, 500, 550, 1200, 1250, 1150, 1050, 250, 1, 1], [500, 500, 550, 1200, 1250, 1150, 1050, 250, 1, 1], [450, 450, 550, 1200, 1250, 1150, 1050, 250, 1, 1], [500, 450, 550, 1200, 1250, 1150, 1050, 250, 1, 1], [500, 450, 550, 1200, 1250, 1150, 1050, 250, 1, 1]]}