{"mutate": 0.01, "average_fitness_history": [751.0874183516355, 816.3833161299375, 833.5516908278385, 839.6259009698482, 852.4644579422225, 854.3168888716133, 856.493497754151, 857.3361446441473, 858.8075128092503, 866.1748268718899, 864.7872178687961, 862.5090645100832, 859.9756046929027, 861.3898900716239, 870.9867651067201, 868.0312051219114, 871.1856261463781, 863.945199123943, 871.2954009805593, 865.2542876006254, 873.3149420179182, 871.9978478742197, 873.8661289913806, 864.0019628523368, 870.4149706651583, 870.1121749591615], "add_random": 0.2, "strongest_fitness_history": [934.7391928037104, 948.0067357592579, 948.0067357592579, 948.0067357592579, 950.9546038485772, 953.4478619171616, 954.3532980323237, 955.3681198090458, 957.7536417012809, 958.2314184090704, 958.2314184090704, 960.4231242374902, 961.443927584171, 961.443927584171, 961.443927584171, 961.5705647868724, 961.5705647868724, 961.5705647868724, 961.767626798671, 961.8323652318367, 962.2554452818378, 962.25544795318, 962.25544795318, 962.3112546635437, 962.3112546635437, 962.3112546635437], "elite": 0.0, "populationSize": 1000, "generations": 25, "strongest_history": [[500, 550, 350, 1350, 750, 750, 800, 100, 1, 1], [450, 650, 450, 1000, 1200, 900, 750, 250, 1, 1], [450, 650, 450, 1000, 1200, 900, 750, 250, 1, 1], [450, 650, 450, 1000, 1200, 900, 750, 250, 1, 1], [500, 550, 350, 1350, 1150, 1100, 300, 250, 1, 1], [500, 550, 350, 1350, 1250, 1100, 300, 250, 1, 1], [450, 500, 450, 1200, 1250, 1100, 300, 250, 1, 1], [450, 550, 600, 1300, 1200, 1100, 850, 200, 1, 1], [550, 400, 600, 1000, 1200, 1150, 750, 200, 1, 1], [500, 550, 350, 1350, 1250, 1100, 1050, 200, 1, 1], [500, 550, 350, 1350, 1250, 1100, 1050, 200, 1, 1], [450, 500, 450, 1200, 1250, 1100, 1050, 250, 1, 1], [550, 400, 600, 1000, 1200, 1150, 1050, 250, 1, 1], [550, 400, 600, 1000, 1100, 1150, 1050, 250, 1, 1], [550, 400, 600, 1000, 1200, 1150, 1050, 250, 1, 1], [550, 500, 450, 1000, 1200, 1150, 1050, 250, 1, 1], [550, 500, 450, 1000, 1200, 1150, 1050, 250, 1, 1], [550, 500, 450, 1000, 1200, 1150, 1050, 250, 1, 1], [550, 400, 350, 1250, 1250, 1150, 1050, 250, 1, 1], [550, 400, 550, 1050, 1200, 1150, 1050, 250, 1, 1], [450, 400, 550, 1000, 1250, 1150, 1050, 250, 1, 1], [500, 400, 550, 1000, 1250, 1150, 1050, 250, 1, 1], [500, 400, 550, 1000, 1250, 1150, 1050, 250, 1, 1], [550, 400, 550, 1050, 1250, 1150, 1050, 250, 1, 1], [550, 400, 550, 1050, 1250, 1150, 1050, 250, 1, 1], [550, 400, 550, 1050, 1250, 1150, 1050, 250, 1, 1]]}