{"mutate": 0.01, "average_fitness_history": [751.7175320382922, 813.7080485287073, 823.8955355614255, 841.9618950611515, 842.6284046472205, 854.5566405550792, 852.1661177088665, 854.5471122335757, 854.7485479217867, 855.0149779688122, 863.8704689705232, 864.5694767409358, 858.9745272515268, 869.3048958416271, 861.6464825668775, 861.7440906047005, 864.3156462288229, 863.3529294669116, 865.5943482331868, 867.6028394007423, 868.5095401039404, 874.977435293511, 865.0180578483515, 871.0106096199612, 866.636937308565, 875.2860914654605], "add_random": 0.2, "strongest_fitness_history": [936.6805497366171, 936.6805497366171, 941.9506316177303, 949.414626646269, 949.414626646269, 949.414626646269, 957.0678494159797, 957.0678494159797, 957.0678494159797, 957.0678494159797, 958.2446879231051, 961.6037746496988, 961.6037746496988, 962.0318118174297, 962.0318118174297, 962.0318118174297, 962.0318118174297, 962.0318118174297, 962.2071762868338, 962.2071762868338, 962.2561515357677, 962.2561515357677, 962.2561515357677, 962.2561515357677, 962.2561515357677, 962.2561555740784], "elite": 0.0, "populationSize": 1000, "generations": 25, "strongest_history": [[650, 400, 750, 550, 1250, 950, 950, 250, 1, 1], [650, 400, 750, 550, 1250, 950, 950, 250, 1, 1], [550, 600, 600, 800, 1100, 1100, 700, 150, 1, 1], [600, 400, 500, 1350, 1200, 900, 650, 200, 1, 1], [600, 400, 500, 1350, 1200, 900, 650, 200, 1, 1], [600, 400, 500, 1350, 1200, 900, 650, 200, 1, 1], [450, 550, 600, 950, 1200, 1100, 650, 250, 1, 1], [450, 550, 600, 950, 1200, 1100, 650, 250, 1, 1], [450, 550, 600, 950, 1200, 1100, 750, 250, 1, 1], [450, 550, 600, 950, 1200, 1100, 750, 250, 1, 1], [600, 550, 500, 1900, 1250, 1150, 1050, 200, 1, 1], [500, 550, 550, 1250, 1250, 1150, 1050, 250, 1, 1], [500, 550, 550, 1250, 1250, 1150, 1050, 250, 1, 1], [450, 400, 400, 1000, 1250, 1150, 1050, 250, 1, 1], [450, 400, 400, 1000, 1250, 1150, 1050, 250, 1, 1], [450, 400, 400, 1000, 1250, 1150, 1050, 250, 1, 1], [450, 400, 400, 1000, 1250, 1150, 1050, 250, 1, 1], [450, 400, 400, 1000, 1250, 1150, 1050, 250, 1, 1], [550, 450, 500, 1000, 1250, 1150, 1050, 250, 1, 1], [550, 450, 500, 1000, 1250, 1150, 1050, 250, 1, 1], [550, 450, 550, 1000, 1250, 1150, 1050, 250, 1, 1], [550, 450, 550, 1000, 1250, 1150, 1050, 250, 1, 1], [550, 450, 550, 1000, 1250, 1150, 1050, 250, 1, 1], [550, 450, 550, 1000, 1250, 1150, 1050, 250, 1, 1], [550, 450, 550, 1000, 1250, 1150, 1050, 250, 1, 1], [550, 400, 550, 1000, 1250, 1150, 1050, 250, 1, 1]]}