{"mutate": 0.01, "average_fitness_history": [750.7142832958533, 815.6371649196874, 824.455837200391, 836.0936686574031, 846.3186777126018, 853.1719848333395, 864.7801057604746, 861.1827475752627, 867.1419954488167, 864.2458737480399, 868.2435310928989, 864.7611988685599, 870.7319739727478, 862.1855268876396, 861.220266279361, 863.409307442212, 866.1210039102185, 868.474880823326, 868.3156420633011, 872.8439802143811, 871.3719114312196, 872.8711414681997, 865.5779765173637, 870.4945066832631, 878.2033642177154, 869.7036061121623], "add_random": 0.2, "strongest_fitness_history": [953.9026775301835, 953.9026775301835, 953.9026775301835, 953.9026775301835, 956.1865469468913, 957.7410750299962, 959.013068900733, 959.013068900733, 959.291810779676, 959.696482573006, 960.7162889633341, 960.7162889633341, 961.0159546446986, 961.4081619841177, 962.1134612297838, 962.2967351886232, 962.2967351886232, 962.3137694388748, 962.3137694388748, 962.3137694388748, 962.3137694388748, 962.3137734716631, 962.3137734716631, 962.3137734716631, 962.3137734716631, 962.3137734716631], "elite": 0.0, "populationSize": 1000, "generations": 25, "strongest_history": [[800, 600, 450, 1250, 1150, 1150, 1050, 200, 1, 1], [800, 600, 450, 1250, 1150, 1150, 1050, 200, 1, 1], [800, 600, 450, 1250, 1150, 1150, 1050, 200, 1, 1], [800, 600, 450, 1250, 1150, 1150, 1050, 200, 1, 1], [600, 450, 450, 1250, 1150, 1100, 1050, 200, 1, 1], [600, 400, 450, 1250, 1150, 1150, 1050, 200, 1, 1], [600, 400, 450, 1250, 1150, 1150, 1050, 250, 1, 1], [600, 400, 450, 1250, 1150, 1150, 1050, 250, 1, 1], [450, 600, 450, 1200, 1250, 1100, 1050, 250, 1, 1], [600, 450, 450, 1250, 1200, 1100, 1050, 250, 1, 1], [650, 450, 450, 1200, 1250, 1150, 1050, 200, 1, 1], [650, 450, 450, 1200, 1250, 1150, 1050, 200, 1, 1], [600, 450, 550, 1200, 1250, 1150, 1050, 200, 1, 1], [600, 400, 450, 1400, 1250, 1150, 1050, 250, 1, 1], [600, 450, 450, 1200, 1250, 1150, 1050, 250, 1, 1], [600, 450, 550, 1200, 1250, 1150, 1050, 250, 1, 1], [600, 450, 550, 1200, 1250, 1150, 1050, 250, 1, 1], [550, 450, 550, 1200, 1250, 1150, 1050, 250, 1, 1], [550, 450, 550, 1200, 1250, 1150, 1050, 250, 1, 1], [550, 450, 550, 1200, 1250, 1150, 1050, 250, 1, 1], [550, 450, 550, 1200, 1250, 1150, 1050, 250, 1, 1], [550, 400, 550, 1200, 1250, 1150, 1050, 250, 1, 1], [550, 400, 550, 1200, 1250, 1150, 1050, 250, 1, 1], [550, 400, 550, 1200, 1250, 1150, 1050, 250, 1, 1], [550, 400, 550, 1200, 1250, 1150, 1050, 250, 1, 1], [550, 400, 550, 1200, 1250, 1150, 1050, 250, 1, 1]]}