{"mutate": 0.01, "average_fitness_history": [757.3083510936129, 811.4308223693939, 823.8667217507337, 837.2190266758296, 844.2030505933317, 851.7548680937855, 857.7492496355705, 859.6679914037084, 853.645091120801, 858.9564404686881, 863.7903437488649, 866.4674602899155, 866.2281892314276, 869.0506537898069, 867.698031197734, 863.3246558947853, 870.5513032665638, 867.2185055956242, 870.804053252762, 871.7378757955427, 865.0839638375761, 873.5871435103821, 866.2422912999853, 866.3936821444316, 866.7378271603669, 865.3910454916851], "add_random": 0.2, "strongest_fitness_history": [926.6017753275657, 945.4765205597952, 951.0656059794172, 951.0656059794172, 951.0656059794172, 957.7260327671162, 959.987531841743, 959.987531841743, 959.987531841743, 959.9912365818881, 959.9912365818881, 959.9912365818881, 961.6113306320759, 961.6113306320759, 961.6113306320759, 962.2942267484866, 962.2942267484866, 962.2942267484866, 962.2967392247572, 962.3105432494651, 962.3105432494651, 962.3130617166192, 962.3130617166192, 962.3130643904627, 962.3130643904627, 962.3130643904627], "elite": 0.0, "populationSize": 1000, "generations": 25, "strongest_history": [[650, 600, 350, 900, 750, 550, 1000, 250, 1, 1], [800, 450, 400, 1200, 1200, 1000, 400, 250, 1, 1], [700, 500, 350, 1350, 1150, 1100, 400, 250, 1, 1], [700, 500, 350, 1350, 1150, 1100, 400, 250, 1, 1], [700, 500, 350, 1350, 1150, 1100, 400, 250, 1, 1], [800, 450, 400, 1200, 1200, 1100, 1050, 250, 1, 1], [600, 450, 400, 1200, 1200, 1100, 1050, 250, 1, 1], [600, 450, 400, 1200, 1200, 1100, 1050, 250, 1, 1], [600, 450, 400, 1200, 1200, 1100, 1050, 250, 1, 1], [450, 450, 400, 1200, 1200, 1100, 1050, 250, 1, 1], [450, 450, 400, 1200, 1200, 1100, 1050, 250, 1, 1], [450, 450, 400, 1200, 1200, 1100, 1050, 250, 1, 1], [500, 450, 400, 1200, 1200, 1150, 1050, 250, 1, 1], [500, 450, 400, 1200, 1200, 1150, 1050, 250, 1, 1], [500, 450, 400, 1200, 1200, 1150, 1050, 250, 1, 1], [600, 400, 550, 1100, 1250, 1150, 1050, 250, 1, 1], [600, 400, 550, 1100, 1250, 1150, 1050, 250, 1, 1], [600, 400, 550, 1100, 1250, 1150, 1050, 250, 1, 1], [600, 400, 550, 1200, 1250, 1150, 1050, 250, 1, 1], [450, 400, 550, 1100, 1250, 1150, 1050, 250, 1, 1], [450, 400, 550, 1100, 1250, 1150, 1050, 250, 1, 1], [450, 400, 550, 1200, 1250, 1150, 1050, 250, 1, 1], [450, 400, 550, 1200, 1250, 1150, 1050, 250, 1, 1], [500, 400, 550, 1200, 1250, 1150, 1050, 250, 1, 1], [500, 400, 550, 1200, 1250, 1150, 1050, 250, 1, 1], [500, 400, 550, 1200, 1250, 1150, 1050, 250, 1, 1]]}