{"mutate": 0.01, "average_fitness_history": [755.5976473501562, 814.2413816593784, 826.4983790255468, 835.8894055096662, 845.1868050536325, 850.5191466947969, 859.3834700641593, 862.8330222056043, 860.8034249986562, 857.5814758146672, 854.9095858957992, 878.6161262417813, 864.4979627244227, 865.1757576642639, 866.0222414457437, 863.5870510496229, 864.6230244136793, 865.6990597674775, 867.3723920216611, 870.6407485443109, 869.8845999758212, 869.0951242944116, 869.5641584627258, 866.836903743824, 879.4616477067265, 860.0428298167667], "add_random": 0.2, "strongest_fitness_history": [945.6221735883584, 945.6221735883584, 945.6221735883584, 950.5574945107626, 951.8415917113267, 951.8415917113267, 955.8419878522403, 957.8341671902652, 957.8341671902652, 957.8341671902652, 957.9307707963956, 958.4450573694746, 959.0702760682433, 959.447192302479, 960.2080627915436, 962.0855740616049, 962.0855740616049, 962.0891745916518, 962.0891745916518, 962.0891745916518, 962.3130643904627, 962.3137734716631, 962.3137734716631, 962.3137734716631, 962.3137734716631, 962.3137734716631], "elite": 0.0, "populationSize": 1000, "generations": 25, "strongest_history": [[600, 600, 800, 1450, 1150, 1100, 1050, 150, 1, 1], [600, 600, 800, 1450, 1150, 1100, 1050, 150, 1, 1], [600, 600, 800, 1450, 1150, 1100, 1050, 150, 1, 1], [750, 400, 400, 1200, 1150, 1150, 700, 100, 1, 1], [600, 400, 400, 1200, 1150, 1150, 700, 100, 1, 1], [600, 400, 400, 1200, 1150, 1150, 700, 100, 1, 1], [500, 500, 500, 1200, 1150, 1150, 700, 200, 1, 1], [600, 400, 550, 1050, 1200, 1100, 900, 250, 1, 1], [600, 400, 550, 1050, 1200, 1100, 900, 250, 1, 1], [600, 400, 550, 1050, 1200, 1100, 900, 250, 1, 1], [550, 500, 550, 1200, 1150, 1100, 1050, 250, 1, 1], [500, 550, 450, 1400, 1150, 1150, 1050, 250, 1, 1], [600, 550, 550, 1050, 1150, 1150, 1050, 250, 1, 1], [500, 500, 500, 1200, 1150, 1150, 1050, 250, 1, 1], [500, 400, 550, 1050, 1200, 1100, 1050, 250, 1, 1], [600, 400, 400, 1200, 1250, 1150, 1050, 250, 1, 1], [2150, 400, 400, 1200, 1250, 1150, 1050, 250, 1, 1], [550, 400, 400, 1200, 1250, 1150, 1050, 250, 1, 1], [550, 400, 400, 1200, 1250, 1150, 1050, 250, 1, 1], [550, 400, 400, 1200, 1250, 1150, 1050, 250, 1, 1], [500, 400, 550, 1200, 1250, 1150, 1050, 250, 1, 1], [550, 400, 550, 1200, 1250, 1150, 1050, 250, 1, 1], [550, 400, 550, 1200, 1250, 1150, 1050, 250, 1, 1], [550, 400, 550, 1200, 1250, 1150, 1050, 250, 1, 1], [550, 400, 550, 1200, 1250, 1150, 1050, 250, 1, 1], [550, 400, 550, 1200, 1250, 1150, 1050, 250, 1, 1]]}