{"mutate": 0.01, "average_fitness_history": [748.2057475226569, 815.8263480975729, 824.5057829727396, 836.280835440787, 848.2120598722331, 850.270566394974, 857.1835145369843, 859.6357304822214, 859.2477557230919, 856.4950392900166, 864.3419633325462, 869.4998590183584, 869.3985852937691, 866.8252767924275, 860.5557231934196, 874.4840910839657, 868.4447806215442, 866.4723232678573, 868.8822761427026, 866.5485434964281, 868.1544858678224, 872.2119442506167, 872.8200429616318, 866.018324962974, 867.835010137446, 867.3738908145558], "add_random": 0.2, "strongest_fitness_history": [938.9852164016213, 950.0640362309854, 950.0640362309854, 950.9302171628593, 953.3661858499996, 954.4668248918779, 955.7462305528991, 957.0647356387833, 957.0647356387833, 957.8298515008073, 958.6421790981561, 959.9690025893951, 960.3255873398397, 961.00054085749, 961.00054085749, 961.9003539551663, 962.1096719005799, 962.285183184285, 962.285183184285, 962.285183184285, 962.285183184285, 962.285183184285, 962.285183184285, 962.285183184285, 962.2851872121036, 962.2851872121036], "elite": 0.0, "populationSize": 1000, "generations": 25, "strongest_history": [[750, 650, 500, 850, 1250, 1000, 800, 100, 1, 1], [650, 400, 350, 1250, 1250, 1100, 300, 150, 1, 1], [650, 400, 350, 1250, 1250, 1100, 300, 150, 1, 1], [550, 450, 350, 1950, 1150, 1150, 700, 150, 1, 1], [750, 550, 400, 1550, 1250, 1100, 900, 200, 1, 1], [700, 450, 400, 1550, 1250, 1100, 900, 200, 1, 1], [700, 450, 400, 1550, 1250, 1100, 900, 250, 1, 1], [550, 450, 350, 1950, 1150, 1150, 1050, 250, 1, 1], [550, 450, 350, 1950, 1150, 1150, 1050, 250, 1, 1], [550, 550, 500, 1150, 1250, 1100, 900, 250, 1, 1], [700, 450, 500, 850, 1250, 1100, 1050, 250, 1, 1], [650, 400, 350, 1250, 1250, 1100, 1050, 250, 1, 1], [700, 450, 500, 850, 1250, 1150, 1050, 250, 1, 1], [650, 400, 350, 1500, 1250, 1150, 1050, 250, 1, 1], [650, 400, 350, 1500, 1250, 1150, 1050, 250, 1, 1], [550, 550, 500, 1150, 1250, 1150, 1050, 250, 1, 1], [550, 450, 350, 1150, 1250, 1150, 1050, 250, 1, 1], [550, 450, 500, 1150, 1250, 1150, 1050, 250, 1, 1], [550, 450, 500, 1150, 1250, 1150, 1050, 250, 1, 1], [550, 450, 500, 1150, 1250, 1150, 1050, 250, 1, 1], [550, 450, 500, 1150, 1250, 1150, 1050, 250, 1, 1], [550, 450, 500, 1150, 1250, 1150, 1050, 250, 1, 1], [550, 450, 500, 1150, 1250, 1150, 1050, 250, 1, 1], [550, 450, 500, 1150, 1250, 1150, 1050, 250, 1, 1], [550, 400, 500, 1150, 1250, 1150, 1050, 250, 1, 1], [550, 400, 500, 1150, 1250, 1150, 1050, 250, 1, 1]]}