{"mutate": 0.01, "average_fitness_history": [751.522871977899, 808.0407861681904, 827.9799910231259, 840.5418928728291, 846.6608289644248, 851.3789278504679, 851.891950399576, 857.9428555230842, 865.4990459610639, 864.0619990702423, 861.3413841900059, 856.1256287484623, 860.3297254022975, 865.5735885769419, 865.9512923485761, 861.9956499783356, 860.9434095895475, 857.6205877116371, 868.035509999471, 864.6026226401052, 873.6268513442039, 863.8204716979322, 865.5910384078163, 867.7871932591961, 866.1746946793513, 865.694611369799], "add_random": 0.2, "strongest_fitness_history": [942.4516246772732, 942.4516246772732, 947.5420564347481, 947.5420564347481, 953.8967421064887, 955.3700738493108, 956.1434036520835, 956.1434036520835, 956.941831123701, 957.4476953348374, 961.0333387246125, 961.0333387246125, 961.0333387246125, 961.0333387246125, 961.0333387246125, 961.0333387246125, 961.0333387246125, 962.3137734716631, 962.3137734716631, 962.3137734716631, 962.3137734716631, 962.3137734716631, 962.3137734716631, 962.3137734716631, 962.3137734716631, 962.3137734716631], "elite": 0.0, "populationSize": 1000, "generations": 25, "strongest_history": [[900, 450, 350, 1900, 1200, 1050, 900, 200, 1, 1], [900, 450, 350, 1900, 1200, 1050, 900, 200, 1, 1], [650, 450, 350, 1900, 1200, 1050, 900, 200, 1, 1], [650, 450, 350, 1900, 1200, 1050, 900, 200, 1, 1], [650, 400, 600, 850, 1150, 1150, 750, 200, 1, 1], [450, 500, 700, 1200, 1200, 1100, 600, 250, 1, 1], [750, 500, 450, 1450, 1250, 1150, 650, 200, 1, 1], [750, 500, 450, 1450, 1250, 1150, 650, 200, 1, 1], [450, 500, 550, 1200, 1250, 1100, 950, 200, 1, 1], [500, 450, 450, 1450, 1250, 1150, 650, 200, 1, 1], [550, 400, 550, 1200, 1250, 1150, 1050, 200, 1, 1], [550, 400, 550, 1200, 1250, 1150, 1050, 200, 1, 1], [550, 400, 550, 1200, 1250, 1150, 1050, 200, 1, 1], [550, 400, 550, 1200, 1250, 1150, 1050, 200, 1, 1], [550, 400, 550, 1200, 1250, 1150, 1050, 200, 1, 1], [550, 400, 550, 1200, 1250, 1150, 1050, 200, 1, 1], [550, 400, 550, 1200, 1250, 1150, 1050, 200, 1, 1], [550, 400, 550, 1200, 1250, 1150, 1050, 250, 1, 1], [550, 400, 550, 1200, 1250, 1150, 1050, 250, 1, 1], [550, 400, 550, 1200, 1250, 1150, 1050, 250, 1, 1], [550, 400, 550, 1200, 1250, 1150, 1050, 250, 1, 1], [550, 400, 550, 1200, 1250, 1150, 1050, 250, 1, 1], [550, 400, 550, 1200, 1250, 1150, 1050, 250, 1, 1], [550, 400, 550, 1200, 1250, 1150, 1050, 250, 1, 1], [550, 400, 550, 1200, 1250, 1150, 1050, 250, 1, 1], [550, 400, 550, 1200, 1250, 1150, 1050, 250, 1, 1]]}