{"mutate": 0.01, "average_fitness_history": [754.5176447006852, 811.0980820149051, 833.9151698773925, 834.3809542291675, 848.9783996139356, 846.2055340459232, 851.9476488835726, 862.3514693426791, 862.0756413466859, 862.2410996623229, 869.1371045789908, 866.3442602470178, 868.729560868308, 866.4893848440827, 870.4878725761713, 866.0835042990318, 864.4892930632473, 865.3857554604322, 865.9097536137981, 860.5406106157565, 874.9482282801141, 873.608527992407, 876.1841182505459, 877.5677715723725, 872.3408718413497, 874.2534582229172], "add_random": 0.2, "strongest_fitness_history": [956.4129580383352, 956.4129580383352, 956.4129580383352, 956.4129580383352, 957.0634645852989, 957.536318375736, 958.7878233683194, 958.7878233683194, 958.7878233683194, 958.9514498729549, 959.6874441950639, 959.9417238672978, 959.9999931478603, 961.682432089762, 961.682432089762, 961.682432089762, 961.8755972609177, 961.8763052325874, 961.8763093115201, 961.8763093115201, 961.8763093115201, 962.2614588885098, 962.2614588885098, 962.2614588885098, 962.2621652970419, 962.2621652970419], "elite": 0.0, "populationSize": 1000, "generations": 25, "strongest_history": [[500, 600, 400, 1300, 1250, 1100, 1000, 250, 1, 1], [500, 600, 400, 1300, 1250, 1100, 1000, 250, 1, 1], [500, 600, 400, 1300, 1250, 1100, 1000, 250, 1, 1], [500, 600, 400, 1300, 1250, 1100, 1000, 250, 1, 1], [700, 450, 400, 1300, 1250, 1100, 1000, 250, 1, 1], [600, 400, 400, 1300, 1250, 1100, 1000, 250, 1, 1], [500, 600, 400, 1300, 1250, 1100, 1050, 250, 1, 1], [500, 600, 400, 1300, 1250, 1100, 1050, 250, 1, 1], [500, 600, 400, 1300, 1250, 1100, 1050, 250, 1, 1], [550, 500, 350, 1350, 1250, 1150, 650, 250, 1, 1], [450, 550, 400, 1300, 1250, 1100, 1050, 250, 1, 1], [550, 400, 450, 1300, 1250, 1100, 1050, 250, 1, 1], [650, 450, 500, 900, 1250, 1100, 1050, 250, 1, 1], [650, 450, 500, 900, 1250, 1150, 1050, 250, 1, 1], [650, 450, 500, 900, 1250, 1150, 1050, 250, 1, 1], [650, 450, 500, 900, 1250, 1150, 1050, 250, 1, 1], [450, 450, 500, 900, 1250, 1150, 1050, 250, 1, 1], [550, 450, 500, 900, 1250, 1150, 1050, 250, 1, 1], [550, 400, 500, 900, 1250, 1150, 1050, 250, 1, 1], [550, 400, 500, 900, 1250, 1150, 1050, 250, 1, 1], [550, 400, 500, 900, 1250, 1150, 1050, 250, 1, 1], [500, 400, 500, 1100, 1250, 1150, 1050, 250, 1, 1], [500, 400, 500, 1100, 1250, 1150, 1050, 250, 1, 1], [500, 400, 500, 1100, 1250, 1150, 1050, 250, 1, 1], [550, 400, 500, 1100, 1250, 1150, 1050, 250, 1, 1], [550, 400, 500, 1100, 1250, 1150, 1050, 250, 1, 1]]}