{"mutate": 0.01, "average_fitness_history": [752.1213630854579, 813.3983576086167, 830.1515415871561, 838.3900550913772, 845.3914312357458, 854.8782686861493, 860.0852995238065, 855.755568275693, 857.4081387364844, 854.5592637054673, 868.824667641382, 858.2595716148472, 872.7333281536586, 856.6921605434756, 868.93435831277, 872.1721810824888, 875.8877449280229, 865.3822599025253, 876.4238039377515, 865.9707624126959, 877.6975844341252, 865.9171973377801, 864.4091305196905, 870.2328186125213, 870.7291745718463, 874.0310998755774], "add_random": 0.2, "strongest_fitness_history": [931.938849042598, 934.8904767249553, 943.2414957376642, 948.1338364390265, 950.1888556903655, 952.5101073559255, 956.3587866735148, 956.3587866735148, 956.3587866735148, 956.7059973624233, 958.602361471554, 961.0393649589196, 961.0393649589196, 961.4892475116919, 961.4892475116919, 961.4892475116919, 962.111034825853, 962.255442510172, 962.255442510172, 962.255442510172, 962.3105404837765, 962.3105459221587, 962.3105459221587, 962.3105459221587, 962.3105459221587, 962.3105459221587], "elite": 0.0, "populationSize": 1000, "generations": 25, "strongest_history": [[750, 500, 600, 1000, 650, 1100, 1000, 200, 1, 1], [1100, 500, 600, 1450, 1250, 1000, 1050, 250, 1, 1], [450, 550, 900, 1350, 1000, 1150, 1050, 250, 1, 1], [700, 550, 650, 1600, 1150, 1150, 450, 200, 1, 1], [600, 400, 450, 850, 1250, 1000, 700, 250, 1, 1], [600, 400, 450, 850, 1250, 1000, 1050, 250, 1, 1], [600, 400, 450, 850, 1250, 1100, 600, 250, 1, 1], [600, 400, 450, 850, 1250, 1100, 600, 250, 1, 1], [600, 400, 450, 850, 1250, 1100, 600, 250, 1, 1], [600, 400, 450, 850, 1250, 1100, 1000, 250, 1, 1], [650, 400, 550, 1450, 1250, 1150, 750, 250, 1, 1], [650, 400, 550, 1450, 1250, 1150, 1050, 250, 1, 1], [650, 400, 550, 1450, 1250, 1150, 1050, 250, 1, 1], [650, 450, 400, 1050, 1200, 1150, 1050, 250, 1, 1], [650, 450, 400, 1050, 1200, 1150, 1050, 250, 1, 1], [650, 450, 400, 1050, 1200, 1150, 1050, 250, 1, 1], [600, 400, 450, 1050, 1250, 1150, 1050, 250, 1, 1], [500, 450, 550, 1000, 1250, 1150, 1050, 250, 1, 1], [500, 450, 550, 1000, 1250, 1150, 1050, 250, 1, 1], [500, 450, 550, 1000, 1250, 1150, 1050, 250, 1, 1], [500, 450, 550, 1050, 1250, 1150, 1050, 250, 1, 1], [500, 400, 550, 1050, 1250, 1150, 1050, 250, 1, 1], [500, 400, 550, 1050, 1250, 1150, 1050, 250, 1, 1], [500, 400, 550, 1050, 1250, 1150, 1050, 250, 1, 1], [500, 400, 550, 1050, 1250, 1150, 1050, 250, 1, 1], [500, 400, 550, 1050, 1250, 1150, 1050, 250, 1, 1]]}