{"mutate": 0.01, "average_fitness_history": [749.1996365065611, 814.0662965635111, 825.3916963638478, 841.9992438575231, 847.9317064279032, 855.1756853006084, 862.165468136949, 856.0183745014109, 867.2543697330539, 856.6989762878937, 862.9760854538018, 861.938275926934, 864.1978051145795, 867.0439054401155, 872.894270677276, 866.0995115183537, 863.18641867537, 869.1754619026764, 866.6343866434976, 873.4636476056978, 871.8516240528342, 868.2623016316211, 871.7654596464231, 872.1157590334851, 868.4147655044712, 870.3938233996124], "add_random": 0.2, "strongest_fitness_history": [940.8957590433788, 940.8957590433788, 951.8443038851561, 951.8443038851561, 952.6936213975902, 956.9797004518484, 958.9329608943924, 958.9329685394683, 958.9329685394683, 959.442695192193, 959.442695192193, 961.3429197827559, 961.3429197827559, 961.820775394674, 961.891997538097, 961.9107339786522, 962.1162772846304, 962.2064723658311, 962.3105459221587, 962.3105459221587, 962.3105459221587, 962.3105459221587, 962.3105459221587, 962.3105459221587, 962.3105459221587, 962.3105459221587], "elite": 0.0, "populationSize": 1000, "generations": 25, "strongest_history": [[700, 500, 500, 1050, 1100, 950, 1000, 150, 1, 1], [700, 500, 500, 1050, 1100, 950, 1000, 150, 1, 1], [450, 550, 700, 900, 1250, 1150, 950, 100, 1, 1], [450, 550, 700, 900, 1250, 1150, 950, 200, 1, 1], [500, 550, 500, 1550, 1200, 1100, 500, 250, 1, 1], [450, 550, 700, 900, 1250, 1150, 950, 250, 1, 1], [450, 550, 500, 1000, 1200, 1150, 800, 250, 1, 1], [500, 550, 500, 1000, 1200, 1150, 800, 250, 1, 1], [500, 550, 500, 1000, 1200, 1150, 800, 250, 1, 1], [600, 500, 550, 900, 1250, 1150, 950, 250, 1, 1], [600, 500, 550, 900, 1250, 1150, 950, 250, 1, 1], [450, 400, 550, 1450, 1250, 1150, 1050, 250, 1, 1], [450, 400, 550, 1450, 1250, 1150, 1050, 250, 1, 1], [450, 550, 500, 1000, 1250, 1150, 1050, 250, 1, 1], [600, 500, 550, 900, 1250, 1150, 1050, 250, 1, 1], [550, 500, 550, 900, 1250, 1150, 1050, 250, 1, 1], [450, 450, 450, 1100, 1250, 1150, 1050, 250, 1, 1], [450, 400, 500, 1000, 1250, 1150, 1050, 250, 1, 1], [500, 400, 550, 1100, 1250, 1150, 1050, 250, 1, 1], [500, 400, 550, 1100, 1250, 1150, 1050, 250, 1, 1], [500, 400, 550, 1100, 1250, 1150, 1050, 250, 1, 1], [500, 400, 550, 1100, 1250, 1150, 1050, 250, 1, 1], [500, 400, 550, 1100, 1250, 1150, 1050, 250, 1, 1], [500, 400, 550, 1100, 1250, 1150, 1050, 250, 1, 1], [500, 400, 550, 1100, 1250, 1150, 1050, 250, 1, 1], [500, 400, 550, 1100, 1250, 1150, 1050, 250, 1, 1]]}