{"mutate": 0.01, "average_fitness_history": [748.7771357964714, 809.247077853788, 829.1180833255257, 843.1283457863669, 843.6865841065529, 849.9014662299633, 852.6399293986843, 857.6996421261816, 861.8804415274268, 855.1906872131909, 862.9087939187659, 861.1821317986819, 855.41338802932, 876.1622345658313, 868.536870431875, 868.7284786218889, 869.0514995624663, 873.1878860769723, 874.7004993240051, 860.6359158176141, 870.7167061925935, 871.5616422325907, 873.1302290255422, 870.9973403112388, 868.977250978341, 868.6276614557527], "add_random": 0.2, "strongest_fitness_history": [933.9137104541901, 945.3855418454891, 946.6012189139357, 947.4532547220285, 947.4532547220285, 956.5166416166281, 956.5166416166281, 957.8096252219852, 959.1916716834969, 959.1916716834969, 959.236962730731, 961.4283640147092, 961.4283640147092, 961.4283640147092, 961.4892475116919, 961.713792057329, 961.7137998570008, 961.7137998570008, 961.7617863538011, 961.7617863538011, 961.7766087839112, 961.7766087839112, 961.7835272784093, 961.7835272784093, 961.7835272784093, 961.7835272784093], "elite": 0.0, "populationSize": 1000, "generations": 25, "strongest_history": [[900, 650, 550, 1300, 600, 1100, 750, 150, 1, 1], [450, 600, 500, 750, 1200, 900, 1000, 250, 1, 1], [650, 450, 400, 800, 1200, 900, 750, 200, 1, 1], [750, 600, 450, 1800, 1250, 950, 1050, 200, 1, 1], [750, 600, 450, 1800, 1250, 950, 1050, 200, 1, 1], [750, 600, 450, 1950, 1200, 1150, 1050, 250, 1, 1], [750, 600, 450, 1950, 1200, 1150, 1050, 250, 1, 1], [600, 550, 450, 1600, 1200, 1150, 1050, 200, 1, 1], [450, 500, 600, 1950, 1200, 1150, 1050, 250, 1, 1], [450, 500, 600, 1950, 1200, 1150, 1050, 250, 1, 1], [650, 450, 550, 1950, 1200, 1150, 600, 250, 1, 1], [450, 500, 600, 950, 1200, 1150, 1050, 250, 1, 1], [450, 500, 600, 950, 1200, 1150, 1050, 250, 1, 1], [450, 500, 600, 950, 1200, 1150, 1050, 250, 1, 1], [650, 450, 400, 1050, 1200, 1150, 1050, 250, 1, 1], [450, 500, 500, 950, 1200, 1150, 1050, 250, 1, 1], [500, 500, 500, 950, 1200, 1150, 1050, 250, 1, 1], [500, 500, 500, 950, 1200, 1150, 1050, 250, 1, 1], [450, 500, 550, 950, 1200, 1150, 1050, 250, 1, 1], [450, 500, 550, 950, 1200, 1150, 1050, 250, 1, 1], [450, 450, 550, 950, 1200, 1150, 1050, 250, 1, 1], [450, 450, 550, 950, 1200, 1150, 1050, 250, 1, 1], [450, 400, 500, 1050, 1200, 1150, 1050, 250, 1, 1], [450, 400, 500, 1050, 1200, 1150, 1050, 250, 1, 1], [450, 400, 500, 1050, 1200, 1150, 1050, 250, 1, 1], [450, 400, 500, 1050, 1200, 1150, 1050, 250, 1, 1]]}