{"mutate": 0.01, "average_fitness_history": [750.2098953409345, 813.1075782167488, 823.4791625602392, 829.5710188924104, 843.7383141459412, 852.5567260934062, 853.0165937546351, 857.5204412037348, 858.845544897684, 864.5362508036227, 862.1636371999215, 857.6538164725436, 863.1092973719475, 867.3559319513041, 876.9172849001897, 874.3997091986365, 865.0516962229153, 867.1519079451077, 861.9354034050383, 867.3161584586837, 864.0821368363714, 871.6018304488294, 863.9501266814191, 873.8453642298937, 870.3551113082727, 874.2267899003609], "add_random": 0.2, "strongest_fitness_history": [956.076612807266, 956.076612807266, 956.076612807266, 956.076612807266, 956.076612807266, 956.076612807266, 956.076612807266, 957.2409641911389, 957.2409641911389, 957.3647247549147, 959.0874155481339, 959.8461185171883, 959.8461185171883, 960.9022836316676, 960.9022836316676, 960.9022836316676, 961.1401746453206, 962.0816684986113, 962.0816684986113, 962.0816684986113, 962.2957356999923, 962.3105404837765, 962.3105404837765, 962.3105404837765, 962.3105432494651, 962.3105432494651], "elite": 0.0, "populationSize": 1000, "generations": 25, "strongest_history": [[750, 500, 400, 1850, 1250, 1150, 900, 250, 1, 1], [750, 500, 400, 1850, 1250, 1150, 900, 250, 1, 1], [750, 500, 400, 1850, 1250, 1150, 900, 250, 1, 1], [750, 500, 400, 1850, 1250, 1150, 900, 250, 1, 1], [750, 500, 400, 1850, 1250, 1150, 900, 250, 1, 1], [750, 500, 400, 1850, 1250, 1150, 900, 250, 1, 1], [750, 500, 400, 1850, 1250, 1150, 1000, 250, 1, 1], [650, 500, 400, 1850, 1250, 1150, 900, 250, 1, 1], [650, 500, 400, 1850, 1250, 1150, 1000, 250, 1, 1], [450, 500, 350, 1850, 1250, 1150, 1000, 250, 1, 1], [450, 550, 550, 900, 1250, 1150, 900, 250, 1, 1], [500, 500, 550, 1100, 1250, 1150, 900, 250, 1, 1], [500, 500, 550, 1100, 1250, 1150, 900, 250, 1, 1], [450, 550, 450, 1450, 1250, 1150, 1050, 250, 1, 1], [450, 550, 450, 1450, 650, 1150, 1050, 250, 1, 1], [450, 550, 450, 1450, 1250, 1150, 550, 250, 1, 1], [650, 400, 600, 1000, 1200, 1150, 1050, 250, 1, 1], [450, 500, 400, 1050, 1250, 1150, 1050, 250, 1, 1], [450, 500, 400, 1050, 1250, 1150, 1050, 250, 1, 1], [450, 500, 400, 1050, 1250, 1150, 1050, 250, 1, 1], [500, 500, 550, 1100, 1250, 1150, 1050, 250, 1, 1], [500, 450, 550, 1050, 1250, 1150, 1050, 250, 1, 1], [500, 450, 550, 1050, 1250, 1150, 1050, 250, 1, 1], [500, 450, 550, 1050, 1250, 1150, 1050, 250, 1, 1], [450, 400, 550, 1100, 1250, 1150, 1050, 250, 1, 1], [450, 400, 550, 1100, 1250, 1150, 1050, 250, 1, 1]]}