{"mutate": 0.01, "average_fitness_history": [751.9118740570458, 808.9266264151626, 822.8142686541843, 839.7364006711692, 841.8594993858268, 847.4992251229985, 849.4824961404998, 850.4839457854617, 856.6930229936668, 863.3425371606803, 859.3114785415197, 857.965877782532, 865.962596765545, 869.1733952671368, 868.2563031944751, 863.2958973275146, 862.9912513520113, 866.2064265652876, 869.2493112055466, 867.2464125475263, 870.8575748956105, 871.745460333743, 870.6433485342197, 866.5399405993602, 870.0157140749947, 861.7291482907802], "add_random": 0.2, "strongest_fitness_history": [939.9315692700385, 939.9315692700385, 948.5771634140643, 950.4049647430214, 955.7905996743771, 955.7905996743771, 959.645345929253, 960.1484978227381, 960.1484978227381, 960.1484978227381, 961.4623595110105, 961.4623595110105, 961.5698326600683, 961.5698326600683, 961.5698326600683, 961.6333120356567, 961.6386124783016, 961.6386124783016, 961.6386124783016, 961.9802568568289, 962.0831051476856, 962.0831051476856, 962.0831051476856, 962.089114531876, 962.1162772846304, 962.1162772846304], "elite": 0.0, "populationSize": 1000, "generations": 25, "strongest_history": [[600, 450, 600, 2000, 800, 700, 750, 250, 1, 1], [600, 450, 600, 2000, 1100, 700, 750, 250, 1, 1], [500, 450, 850, 1100, 1200, 1150, 1050, 100, 1, 1], [750, 600, 400, 800, 1200, 1100, 850, 200, 1, 1], [600, 450, 600, 1550, 1200, 1150, 1050, 150, 1, 1], [600, 450, 600, 1550, 1200, 1150, 1050, 150, 1, 1], [600, 450, 600, 1550, 1200, 1150, 1050, 250, 1, 1], [650, 600, 400, 1300, 1250, 1150, 1050, 250, 1, 1], [650, 600, 400, 1300, 1250, 1150, 1050, 250, 1, 1], [650, 600, 400, 1300, 1250, 1150, 1050, 250, 1, 1], [450, 450, 600, 1300, 1250, 1150, 1050, 250, 1, 1], [450, 450, 600, 300, 1250, 1150, 1050, 250, 1, 1], [600, 450, 350, 1300, 1250, 1150, 1050, 250, 1, 1], [600, 450, 350, 1300, 1250, 1150, 1050, 250, 1, 1], [600, 450, 350, 1300, 1250, 1150, 1050, 250, 1, 1], [600, 450, 450, 1050, 1200, 1150, 1050, 250, 1, 1], [450, 450, 450, 1050, 1200, 1150, 1050, 250, 1, 1], [450, 450, 450, 1050, 1200, 1150, 1050, 250, 1, 1], [450, 450, 450, 1050, 1200, 1150, 1050, 250, 1, 1], [450, 450, 600, 1200, 1250, 1150, 1050, 250, 1, 1], [600, 450, 350, 1100, 1250, 1150, 1050, 250, 1, 1], [600, 450, 350, 1100, 1250, 1150, 1050, 250, 1, 1], [600, 450, 350, 1100, 1250, 1150, 1050, 250, 1, 1], [450, 450, 350, 1200, 1250, 1150, 1050, 250, 1, 1], [450, 450, 450, 1050, 1250, 1150, 1050, 250, 1, 1], [450, 450, 450, 1100, 1250, 1150, 1050, 250, 1, 1]]}