{"mutate": 0.01, "average_fitness_history": [747.1198255970212, 810.5270480101572, 820.5563708576328, 840.9045188401653, 848.6373088163349, 855.4229325368633, 857.4980559138709, 857.4575396583534, 854.9825744572333, 859.6611008223621, 853.9796222112764, 862.773959076392, 859.815803735852, 865.8046183910342, 866.2048516091177, 860.0351672167742, 866.3673476007474, 868.8706563066266, 861.9089009547721, 862.4329662924561, 864.9780614982193, 874.0498069188496, 867.7890547440901, 868.6030729549053, 870.3999806392038, 867.125015583586], "add_random": 0.2, "strongest_fitness_history": [923.6327321251957, 939.1986084347984, 942.6562117786043, 943.9226848243985, 953.2234003106411, 953.2234003106411, 953.2234003106411, 953.2234003106411, 957.6697189946015, 957.6697189946015, 957.6697189946015, 958.3851716131144, 958.9420919214215, 958.9420919214215, 958.9420919214215, 959.6576254733411, 961.3996775140159, 961.3996775140159, 961.7670874231297, 961.7670874231297, 961.9778825572025, 962.2451537401927, 962.2451537401927, 962.24764106207, 962.262161267092, 962.2681780931503], "elite": 0.0, "populationSize": 1000, "generations": 25, "strongest_history": [[600, 800, 700, 1100, 1100, 1100, 450, 150, 1, 1], [600, 400, 900, 1200, 1150, 1100, 550, 100, 1, 1], [600, 550, 650, 1850, 1150, 700, 800, 200, 1, 1], [650, 400, 700, 1650, 800, 1150, 1050, 100, 1, 1], [600, 550, 650, 1850, 1150, 1150, 750, 250, 1, 1], [600, 550, 650, 1850, 1150, 1150, 1000, 250, 1, 1], [600, 550, 650, 1850, 1150, 1150, 1000, 250, 1, 1], [600, 550, 650, 1850, 1150, 1150, 1000, 250, 1, 1], [650, 500, 350, 1450, 1200, 1100, 1050, 200, 1, 1], [650, 500, 350, 1450, 1200, 1100, 1050, 200, 1, 1], [650, 500, 350, 1450, 1200, 1100, 1050, 200, 1, 1], [600, 450, 500, 1300, 1200, 1100, 1050, 200, 1, 1], [650, 500, 350, 1450, 1200, 1100, 1050, 250, 1, 1], [650, 500, 350, 1450, 1200, 1100, 1050, 250, 1, 1], [650, 500, 350, 1450, 1200, 1100, 1050, 250, 1, 1], [600, 450, 500, 1300, 1200, 1100, 1050, 250, 1, 1], [450, 550, 500, 1200, 1200, 1150, 1050, 250, 1, 1], [450, 550, 500, 1200, 1200, 1150, 1050, 250, 1, 1], [600, 450, 500, 1050, 1200, 1150, 1050, 250, 1, 1], [600, 450, 500, 1050, 1200, 1150, 1050, 250, 1, 1], [450, 400, 600, 1050, 1250, 1150, 1050, 250, 1, 1], [600, 450, 500, 1050, 1250, 1150, 1050, 250, 1, 1], [600, 450, 500, 1050, 1250, 1150, 1050, 250, 1, 1], [600, 450, 500, 1200, 1250, 1150, 1050, 250, 1, 1], [550, 450, 500, 1050, 1250, 1150, 1050, 250, 1, 1], [600, 450, 500, 1150, 1250, 1150, 1050, 250, 1, 1]]}