{"mutate": 0.01, "average_fitness_history": [753.0751985140947, 803.4060913424408, 824.3761890694819, 833.8046926290009, 845.9921561321235, 851.5260425842494, 857.1530168189112, 862.2132445700148, 860.4248947991694, 859.8328459297887, 858.286705542686, 870.80571087138, 867.0593498487499, 862.7246614009133, 869.8932488922917, 871.4682531192194, 874.1682117538372, 862.3773271339509, 875.2977493582388, 875.9830823886786, 867.3150464714037, 869.142975110957, 868.291747226626, 870.8005999104024, 866.3178507149636, 864.9072306747757], "add_random": 0.2, "strongest_fitness_history": [946.0687454450763, 946.0687454450763, 946.0687454450763, 949.2898567332721, 955.0679571138878, 958.8884707775106, 958.8884707775106, 958.9329685394683, 958.9329685394683, 962.0096433013122, 962.3112506320833, 962.3112506320833, 962.3112506320833, 962.3112506320833, 962.3112506320833, 962.3112506320833, 962.3112506320833, 962.3112506320833, 962.3112506320833, 962.3112506320833, 962.3112506320833, 962.3112506320833, 962.3112506320833, 962.3112506320833, 962.3112506320833, 962.3112506320833], "elite": 0.0, "populationSize": 1000, "generations": 25, "strongest_history": [[800, 500, 550, 1750, 1000, 1100, 950, 250, 1, 1], [800, 500, 550, 1750, 1000, 1100, 950, 250, 1, 1], [800, 500, 550, 1750, 1000, 1100, 950, 250, 1, 1], [550, 500, 550, 1750, 1000, 1100, 950, 250, 1, 1], [550, 650, 500, 1050, 400, 1150, 1050, 150, 1, 1], [550, 650, 500, 1050, 1250, 1150, 1050, 250, 1, 1], [550, 650, 500, 1050, 1250, 1150, 1050, 250, 1, 1], [500, 550, 500, 950, 1200, 1150, 650, 250, 1, 1], [500, 550, 500, 950, 1200, 1150, 650, 250, 1, 1], [650, 450, 550, 1050, 1250, 1150, 1050, 250, 1, 1], [550, 450, 550, 1050, 1250, 1150, 1050, 250, 1, 1], [550, 450, 550, 1050, 1250, 1150, 1050, 250, 1, 1], [550, 450, 550, 1050, 1250, 1150, 1050, 250, 1, 1], [550, 450, 550, 1050, 1250, 1150, 1050, 250, 1, 1], [550, 450, 550, 1050, 1250, 1150, 1050, 250, 1, 1], [550, 450, 550, 1050, 1250, 1150, 1050, 250, 1, 1], [550, 450, 550, 1050, 1250, 1150, 1050, 250, 1, 1], [550, 450, 550, 1050, 1250, 1150, 1050, 250, 1, 1], [550, 450, 550, 1100, 1250, 1150, 1050, 250, 1, 1], [550, 450, 550, 1100, 1250, 1150, 1050, 250, 1, 1], [550, 450, 550, 1100, 1250, 1150, 1050, 250, 1, 1], [550, 450, 550, 1100, 1250, 1150, 1050, 250, 1, 1], [550, 450, 550, 1100, 1250, 1150, 1050, 250, 1, 1], [550, 450, 550, 1100, 1250, 1150, 1050, 250, 1, 1], [550, 450, 550, 1100, 1250, 1150, 1050, 250, 1, 1], [550, 450, 550, 1100, 1250, 1150, 1050, 250, 1, 1]]}