{"mutate": 0.01, "average_fitness_history": [756.0534579057467, 815.0818824880259, 830.508647075082, 842.5279972050051, 842.9192257845813, 852.0172429617048, 855.8025982210424, 860.848793854171, 858.4882719542242, 862.1305200375687, 860.4600119631779, 867.0322052600656, 874.7399377353875, 870.609996924506, 868.4435871208818, 864.0170946558135, 866.0726144078878, 862.6393869502616, 868.9534855921074, 870.900039754048, 866.1576792167566, 872.9263390356763, 873.2636979709838, 864.8096451463101, 870.7998481371229, 867.5889079279603], "add_random": 0.2, "strongest_fitness_history": [951.3306782009932, 951.3306782009932, 955.3930224958747, 955.3930224958747, 955.3930224958747, 958.0561064351659, 958.0561064351659, 958.0561064351659, 958.2176510309747, 958.5711825786259, 960.3814750511974, 960.3814750511974, 962.0613454019548, 962.0613454019548, 962.116285104277, 962.116285104277, 962.116285104277, 962.116285104277, 962.2064695940901, 962.2064695940901, 962.2064695940901, 962.2064695940901, 962.2064695940901, 962.2064695940901, 962.2064695940901, 962.2064695940901], "elite": 0.0, "populationSize": 1000, "generations": 25, "strongest_history": [[500, 600, 350, 1750, 1200, 1100, 450, 250, 1, 1], [500, 600, 350, 1750, 1200, 1100, 450, 250, 1, 1], [500, 550, 400, 850, 1150, 1150, 1000, 250, 1, 1], [500, 550, 400, 850, 1150, 1150, 1000, 250, 1, 1], [500, 550, 400, 850, 1150, 1150, 1000, 250, 1, 1], [450, 450, 600, 1350, 1200, 1150, 550, 250, 1, 1], [450, 450, 600, 1350, 1200, 1150, 550, 250, 1, 1], [450, 450, 600, 1350, 1200, 1150, 550, 250, 1, 1], [500, 500, 650, 1100, 1250, 1150, 550, 250, 1, 1], [500, 500, 650, 1100, 1250, 1150, 1000, 250, 1, 1], [500, 450, 450, 950, 1250, 1100, 1050, 250, 1, 1], [500, 450, 450, 950, 1250, 1100, 1050, 250, 1, 1], [500, 450, 450, 950, 1250, 1150, 1050, 250, 1, 1], [500, 450, 450, 950, 1250, 1150, 1050, 250, 1, 1], [1000, 450, 450, 1100, 1250, 1150, 1050, 250, 1, 1], [1000, 450, 450, 1100, 1250, 1150, 1050, 250, 1, 1], [1000, 450, 450, 1100, 1250, 1150, 1050, 250, 1, 1], [500, 450, 450, 1100, 1250, 1150, 1050, 250, 1, 1], [500, 450, 500, 950, 1250, 1150, 1050, 250, 1, 1], [500, 450, 500, 950, 1250, 1150, 1050, 250, 1, 1], [500, 450, 500, 950, 1250, 1150, 1050, 250, 1, 1], [500, 450, 500, 950, 1250, 1150, 1050, 250, 1, 1], [500, 450, 500, 950, 1250, 1150, 1050, 250, 1, 1], [500, 450, 500, 950, 1250, 1150, 1050, 250, 1, 1], [500, 450, 500, 950, 1250, 1150, 1050, 250, 1, 1], [500, 450, 500, 950, 1250, 1150, 1050, 250, 1, 1]]}