{"mutate": 0.01, "average_fitness_history": [754.0720876690101, 813.6035775858476, 828.9067470657965, 838.7301773110597, 844.9121441222517, 848.7900705955141, 847.5162262882869, 857.9833062454592, 855.0526436370029, 858.9260213846686, 864.4604062399743, 855.0579246297154, 864.6630533197418, 868.0504402495077, 864.8099864850034, 870.2879870883835, 868.203655098192, 871.8072743672927, 864.1431631841048, 871.0803461666568, 873.5853606234822, 870.3684292699958, 874.2436700670186, 876.5732687736592, 875.2328584964732, 868.2489593330653], "add_random": 0.2, "strongest_fitness_history": [934.3729745725651, 934.3729745725651, 939.595471104016, 946.9092094344329, 948.0539647820409, 950.7486347957615, 954.6606445035799, 954.6606445035799, 957.5694451225762, 957.9156160173936, 958.3842634066181, 959.3095119522129, 961.6431025868319, 961.6431025868319, 961.6431025868319, 962.0016266642825, 962.105583815754, 962.1261323252604, 962.1261323252604, 962.1399670695191, 962.1399711143312, 962.1399711143312, 962.1399711143312, 962.1399711143312, 962.1399711143312, 962.1399711143312], "elite": 0.0, "populationSize": 1000, "generations": 25, "strongest_history": [[550, 500, 750, 1350, 900, 700, 700, 200, 1, 1], [550, 500, 750, 1350, 900, 700, 300, 200, 1, 1], [850, 450, 450, 1200, 1150, 650, 1050, 100, 1, 1], [500, 400, 600, 750, 850, 1150, 900, 200, 1, 1], [750, 500, 600, 1400, 900, 1150, 650, 200, 1, 1], [700, 400, 350, 1150, 850, 1150, 1050, 150, 1, 1], [850, 550, 1350, 1350, 1200, 1150, 1000, 250, 1, 1], [850, 550, 1350, 1350, 1200, 1150, 1000, 250, 1, 1], [700, 400, 350, 1150, 1250, 1100, 650, 250, 1, 1], [700, 400, 350, 1150, 1250, 1150, 900, 200, 1, 1], [550, 500, 450, 1200, 1250, 1150, 650, 200, 1, 1], [550, 500, 450, 1200, 1250, 1150, 550, 250, 1, 1], [700, 400, 350, 1150, 1250, 1150, 1050, 250, 1, 1], [700, 400, 350, 1150, 1250, 700, 1050, 250, 1, 1], [700, 400, 350, 1150, 1250, 1150, 1050, 250, 1, 1], [550, 400, 600, 1150, 1250, 1150, 1050, 250, 1, 1], [550, 500, 450, 1200, 1250, 1150, 1050, 250, 1, 1], [550, 500, 450, 1150, 1250, 1150, 1050, 250, 1, 1], [550, 500, 450, 1150, 1250, 1150, 1050, 250, 1, 1], [550, 450, 450, 1150, 1250, 1150, 1050, 250, 1, 1], [550, 400, 450, 1150, 1250, 1150, 1050, 200, 1, 1], [550, 400, 450, 1150, 1250, 1150, 1050, 250, 1, 1], [550, 400, 450, 1150, 1250, 1150, 1050, 250, 1, 1], [550, 400, 450, 1150, 1250, 1150, 1050, 250, 1, 1], [550, 400, 450, 1150, 1250, 1150, 1050, 250, 1, 1], [550, 400, 450, 1150, 1250, 1150, 1050, 250, 1, 1]]}