{"mutate": 0.01, "average_fitness_history": [750.4340136900983, 814.2804179716735, 827.6632877154711, 839.7207483885853, 847.5492553066133, 856.4995844214977, 850.3425076894961, 864.4799205622446, 860.5625788679502, 863.5804551331971, 860.7770018758322, 866.7440603502256, 863.908414935632, 855.7751818136077, 860.0130767650578, 869.4598184984444, 862.4406413441825, 865.4008691733296, 870.1043084508021, 867.4770391348054, 875.7524496718203, 870.5405781242043, 875.2951258253481, 870.2660824529696, 871.2044762366056, 867.1777528251779], "add_random": 0.2, "strongest_fitness_history": [939.5146250759213, 939.6842548929925, 944.0688186494348, 949.5843581256403, 951.6063064565169, 951.6063064565169, 953.5730499918677, 959.4214417655353, 959.6450749263016, 959.6450749263016, 959.6450749263016, 960.8194403185496, 962.0891253544271, 962.2844669425473, 962.2844669425473, 962.2844669425473, 962.285183184285, 962.3336106045642, 962.3336106045642, 962.3336106045642, 962.3336212217234, 962.3343292049161, 962.3343292049161, 962.3343292049161, 962.3343292049161, 962.3343292049161], "elite": 0.0, "populationSize": 1000, "generations": 25, "strongest_history": [[900, 400, 350, 1200, 1250, 900, 500, 150, 1, 1], [550, 550, 350, 1550, 900, 950, 300, 250, 1, 1], [900, 400, 350, 1400, 1200, 900, 900, 200, 1, 1], [750, 500, 400, 1350, 1250, 900, 700, 250, 1, 1], [450, 450, 700, 1900, 1250, 1150, 700, 150, 1, 1], [450, 450, 700, 1900, 1250, 1150, 700, 150, 1, 1], [650, 450, 650, 950, 850, 1150, 1050, 250, 1, 1], [550, 550, 350, 1200, 1250, 1150, 800, 250, 1, 1], [450, 400, 350, 1200, 1250, 1150, 800, 250, 1, 1], [450, 400, 350, 1200, 1250, 1150, 800, 250, 1, 1], [450, 400, 350, 1200, 1250, 1150, 800, 250, 1, 1], [750, 500, 400, 1200, 1250, 1150, 1050, 250, 1, 1], [550, 400, 350, 1200, 1250, 1150, 1050, 250, 1, 1], [450, 450, 500, 1150, 1250, 1150, 1050, 250, 1, 1], [450, 450, 500, 1150, 1250, 1150, 1050, 250, 1, 1], [450, 450, 500, 1150, 1250, 1150, 1050, 250, 1, 1], [550, 450, 500, 1150, 1250, 1150, 1050, 250, 1, 1], [450, 450, 550, 1150, 1250, 1150, 1050, 250, 1, 1], [450, 450, 550, 1150, 1250, 1150, 1050, 250, 1, 1], [450, 450, 550, 1150, 1250, 1150, 1050, 250, 1, 1], [450, 400, 550, 1150, 1250, 1150, 1050, 250, 1, 1], [550, 450, 550, 1150, 1250, 1150, 1050, 250, 1, 1], [550, 450, 550, 1150, 1250, 1150, 1050, 250, 1, 1], [550, 450, 550, 1150, 1250, 1150, 1050, 250, 1, 1], [550, 450, 550, 1150, 1250, 1150, 1050, 250, 1, 1], [550, 450, 550, 1150, 1250, 1150, 1050, 250, 1, 1]]}