{"mutate": 0.01, "average_fitness_history": [748.5554285026991, 812.0529510688484, 823.3326810069409, 833.9442521768261, 853.2564135762656, 855.3443255161748, 855.296391984282, 854.9575838772504, 858.1369282910235, 859.3280860062806, 864.6524748204513, 867.2594720120912, 860.2124346894213, 861.8402050035796, 870.1866896782342, 868.0041579347005, 870.8008962206007, 866.4560451634309, 863.8101898471551, 870.0493065472067, 869.0250641910434, 866.3908874335515, 874.3230787328437, 870.6038227789411, 863.4478896955757, 867.8406657779092], "add_random": 0.2, "strongest_fitness_history": [936.5153479175475, 941.8436894795807, 944.5814131773672, 951.8567403648091, 954.1619258023464, 956.809286065462, 956.809286065462, 958.080796090325, 958.080796090325, 958.080796090325, 958.7365115698565, 959.0903396298512, 959.5479146622977, 960.2668878962597, 960.2668878962597, 960.2668878962597, 961.4138694261264, 961.4138694261264, 961.8088355612084, 962.1097192733845, 962.1097192733845, 962.1097192733845, 962.1399670695191, 962.1399670695191, 962.1399670695191, 962.1399670695191], "elite": 0.0, "populationSize": 1000, "generations": 25, "strongest_history": [[650, 600, 550, 2000, 1000, 1050, 650, 150, 1, 1], [900, 550, 700, 1450, 1150, 1100, 800, 200, 1, 1], [450, 550, 650, 2050, 1050, 1100, 1050, 100, 1, 1], [650, 550, 700, 1450, 1150, 1100, 800, 250, 1, 1], [750, 450, 550, 1700, 1250, 1150, 650, 200, 1, 1], [500, 550, 450, 850, 1250, 1150, 650, 200, 1, 1], [500, 550, 450, 850, 1250, 1150, 650, 200, 1, 1], [600, 600, 400, 1150, 1200, 1150, 650, 250, 1, 1], [600, 600, 400, 1150, 1200, 1150, 650, 250, 1, 1], [600, 600, 400, 1150, 1200, 1150, 650, 250, 1, 1], [500, 550, 450, 1350, 1250, 1150, 650, 250, 1, 1], [500, 550, 400, 1150, 1250, 1150, 600, 250, 1, 1], [550, 450, 600, 1150, 1250, 1150, 900, 250, 1, 1], [450, 600, 450, 1350, 1250, 1150, 1050, 250, 1, 1], [450, 600, 450, 1350, 1250, 1150, 1050, 250, 1, 1], [450, 600, 450, 1350, 1250, 1150, 1050, 250, 1, 1], [500, 550, 450, 1150, 1200, 1150, 1050, 250, 1, 1], [500, 550, 450, 1150, 1200, 1150, 1050, 250, 1, 1], [500, 550, 350, 1000, 1250, 1150, 1050, 250, 1, 1], [550, 450, 400, 1150, 1250, 1150, 1050, 250, 1, 1], [550, 450, 400, 1150, 1250, 1150, 1050, 250, 1, 1], [550, 450, 400, 1150, 1250, 1150, 1050, 250, 1, 1], [550, 450, 450, 1150, 1250, 1150, 1050, 250, 1, 1], [550, 450, 450, 1150, 1250, 1150, 1050, 250, 1, 1], [550, 450, 450, 1150, 1250, 1150, 1050, 250, 1, 1], [550, 450, 450, 1150, 1250, 1150, 1050, 250, 1, 1]]}