{"mutate": 0.01, "average_fitness_history": [753.2500998332042, 812.4592095136229, 832.5549286056738, 841.3350797151456, 841.5113723812867, 850.2697540938527, 859.7924801390952, 856.4198708956649, 850.1314465858597, 869.7526805231047, 862.6631610305142, 865.3550908897606, 870.398542833798, 865.4684089185339, 861.7936476954607, 862.7105624531652, 865.9699817475599, 865.946615490081, 870.4996031335436, 865.30214159576, 861.4467295846247, 865.799910755286, 863.1266411948258, 873.9743307554056, 861.8721734634927, 865.632581163781], "add_random": 0.2, "strongest_fitness_history": [936.6535941608546, 936.6535941608546, 941.3888799973447, 952.8400124062931, 952.8400124062931, 952.8400124062931, 952.8400124062931, 955.5225660244563, 956.6731132865035, 957.9421954797626, 960.1838200346314, 960.1838200346314, 960.1838200346314, 960.1838200346314, 960.5183610969694, 961.4138616420486, 961.4138616420486, 961.4704627675397, 961.8918224759467, 961.8918224759467, 962.2554452818378, 962.2554452818378, 962.2554452818378, 962.3336212217234, 962.3336212217234, 962.3336212217234], "elite": 0.0, "populationSize": 1000, "generations": 25, "strongest_history": [[1500, 600, 900, 1400, 1250, 950, 600, 250, 1, 1], [1500, 600, 900, 1400, 1250, 950, 600, 250, 1, 1], [450, 550, 550, 1750, 900, 700, 900, 250, 1, 1], [450, 600, 400, 850, 1250, 1100, 1050, 100, 1, 1], [450, 600, 400, 850, 1250, 1100, 1050, 100, 1, 1], [450, 600, 400, 850, 1250, 1100, 1050, 100, 1, 1], [450, 600, 400, 850, 1250, 1100, 1050, 100, 1, 1], [800, 400, 400, 850, 1250, 1100, 1050, 200, 1, 1], [500, 600, 450, 850, 1250, 1100, 1050, 200, 1, 1], [450, 1800, 400, 850, 1250, 1100, 1050, 250, 1, 1], [450, 550, 950, 1000, 1250, 1100, 1050, 250, 1, 1], [450, 550, 950, 1000, 1250, 1100, 1050, 250, 1, 1], [450, 550, 950, 1000, 1250, 1100, 1050, 250, 1, 1], [450, 550, 950, 1000, 1250, 1100, 1050, 250, 1, 1], [450, 550, 400, 850, 1250, 1150, 1050, 250, 1, 1], [450, 550, 450, 1150, 1200, 1150, 1050, 250, 1, 1], [450, 550, 450, 1150, 1200, 750, 1050, 250, 1, 1], [650, 550, 550, 1000, 1250, 1150, 1050, 250, 1, 1], [450, 550, 450, 1150, 1250, 1150, 1050, 250, 1, 1], [450, 550, 450, 1150, 1250, 1150, 1050, 250, 1, 1], [450, 400, 550, 1000, 1250, 1150, 1050, 250, 1, 1], [450, 400, 550, 1000, 1250, 1150, 1050, 250, 1, 1], [450, 400, 550, 1000, 1250, 1150, 1050, 250, 1, 1], [450, 400, 550, 1150, 1250, 1150, 1050, 250, 1, 1], [450, 400, 550, 1150, 1250, 1150, 1050, 250, 1, 1], [450, 400, 550, 1150, 1250, 1150, 1050, 250, 1, 1]]}