{"mutate": 0.01, "average_fitness_history": [750.3427790973121, 816.3617184517695, 831.2220502088581, 832.6891698862556, 847.4636279610961, 846.0904571261473, 860.1045222055421, 857.9764989180029, 864.0281949331496, 858.6664399672828, 858.8712903738369, 868.1637325840475, 866.3354514758715, 854.510286909652, 867.7027804005268, 862.9383063262336, 868.6157170796862, 865.2578020381529, 866.2162279381707, 865.957539719694, 865.5702506568495, 865.1528461522167, 865.7981175855398, 867.4060029149515, 877.3999329242249, 869.6443446045992], "add_random": 0.2, "strongest_fitness_history": [945.4180743925245, 945.4180743925245, 945.7701845310983, 950.9530964093199, 955.081785928731, 957.1447979260874, 957.36603144915, 957.36603144915, 958.5861794605141, 960.1863642160729, 960.1863642160729, 960.5437424454731, 960.9181972667519, 961.8155955805355, 962.0267347790426, 962.2064617659795, 962.2064695940901, 962.2064695940901, 962.2064695940901, 962.2561515357677, 962.2561515357677, 962.2561515357677, 962.2561515357677, 962.2561515357677, 962.2561515357677, 962.2561515357677], "elite": 0.0, "populationSize": 1000, "generations": 25, "strongest_history": [[450, 550, 550, 1350, 1100, 750, 1050, 200, 1, 1], [450, 550, 550, 1350, 1100, 750, 1050, 200, 1, 1], [550, 600, 600, 1000, 1250, 750, 400, 250, 1, 1], [500, 600, 450, 950, 1200, 1000, 1050, 200, 1, 1], [800, 450, 400, 2000, 1250, 1150, 750, 250, 1, 1], [550, 550, 400, 2000, 1250, 1150, 750, 250, 1, 1], [600, 450, 400, 2000, 1250, 1150, 750, 250, 1, 1], [600, 450, 400, 2000, 1250, 1150, 750, 250, 1, 1], [500, 450, 650, 1050, 1250, 1150, 750, 250, 1, 1], [650, 550, 550, 1000, 1250, 1150, 1050, 200, 1, 1], [650, 550, 550, 1000, 1250, 1150, 1050, 200, 1, 1], [600, 550, 550, 1000, 1250, 1150, 1050, 200, 1, 1], [500, 600, 450, 1000, 1250, 1150, 1050, 250, 1, 1], [550, 550, 450, 1000, 1250, 1150, 1050, 250, 1, 1], [450, 500, 400, 1000, 1250, 1150, 1050, 250, 1, 1], [450, 450, 500, 950, 1250, 1150, 1050, 250, 1, 1], [500, 450, 500, 950, 1250, 1150, 1050, 250, 1, 1], [500, 450, 500, 950, 1250, 1150, 1050, 250, 1, 1], [500, 450, 500, 950, 1250, 1150, 1050, 250, 1, 1], [550, 450, 550, 1000, 1250, 1150, 1050, 250, 1, 1], [550, 450, 550, 1000, 1250, 1150, 1050, 250, 1, 1], [550, 450, 550, 1000, 1250, 1150, 1050, 250, 1, 1], [550, 450, 550, 1000, 1250, 1150, 1050, 250, 1, 1], [550, 450, 550, 1000, 1250, 1150, 1050, 250, 1, 1], [550, 450, 550, 1000, 1250, 1150, 1050, 250, 1, 1], [550, 450, 550, 1000, 1250, 1150, 1050, 250, 1, 1]]}