{"mutate": 0.01, "average_fitness_history": [747.5820992701871, 809.2587496201337, 826.0497365149366, 838.3860819722499, 845.5303067077037, 851.0227975029575, 861.6731376019575, 863.4940146381836, 864.0421667946773, 861.0195857270833, 860.5516181794799, 861.2585902555483, 863.7824845602806, 862.7058158975885, 863.9631897933853, 858.5731265084819, 868.0124454544095, 867.2649983808121, 867.0755031210392, 869.8273235606933, 868.4017886082095, 868.8877690639526, 867.1223623958695, 866.1871292714105, 870.4068529697081, 868.403891583216], "add_random": 0.2, "strongest_fitness_history": [929.3340157701424, 936.1102733368408, 945.1659287227067, 950.2867868453502, 950.2867868453502, 950.4537781639941, 950.7170600174423, 950.7170600174423, 955.7406676641159, 956.9315193182712, 959.5950078198164, 959.5950078198164, 959.8437658007109, 959.8437658007109, 961.8184762787762, 961.8184762787762, 961.8316523380674, 961.8316629803807, 962.3336212217234, 962.3336212217234, 962.3343332342337, 962.3343332342337, 962.3343332342337, 962.3343332342337, 962.3343332342337, 962.3343332342337], "elite": 0.0, "populationSize": 1000, "generations": 25, "strongest_history": [[850, 500, 900, 1400, 1100, 1150, 600, 150, 1, 1], [450, 450, 600, 1500, 950, 650, 950, 100, 1, 1], [450, 450, 600, 1500, 950, 1100, 650, 100, 1, 1], [450, 450, 600, 1500, 950, 1100, 650, 250, 1, 1], [450, 450, 600, 1500, 950, 1100, 650, 250, 1, 1], [550, 500, 550, 1500, 1200, 750, 650, 250, 1, 1], [550, 500, 550, 1400, 1200, 750, 650, 250, 1, 1], [550, 500, 550, 1400, 1200, 750, 650, 250, 1, 1], [550, 500, 350, 1450, 1250, 1150, 450, 250, 1, 1], [550, 500, 550, 1500, 1200, 1100, 650, 250, 1, 1], [550, 500, 550, 1500, 1200, 1150, 1050, 200, 1, 1], [700, 500, 550, 1500, 1200, 1150, 1050, 200, 1, 1], [500, 400, 350, 1500, 1250, 1150, 1050, 200, 1, 1], [500, 400, 350, 1500, 1250, 1150, 1050, 200, 1, 1], [550, 500, 550, 1050, 1200, 1150, 1050, 250, 1, 1], [550, 500, 550, 1050, 1200, 1150, 1050, 250, 1, 1], [450, 450, 550, 350, 1200, 1150, 1050, 250, 1, 1], [450, 400, 1000, 1050, 1200, 1150, 1050, 250, 1, 1], [450, 400, 550, 1150, 1250, 1150, 1050, 250, 1, 1], [450, 400, 550, 1150, 1250, 1150, 1050, 250, 1, 1], [550, 400, 550, 1150, 1250, 1150, 1050, 250, 1, 1], [550, 400, 550, 1150, 1250, 1150, 1050, 250, 1, 1], [550, 400, 550, 1150, 1250, 1150, 1050, 250, 1, 1], [550, 400, 550, 1150, 1250, 1150, 1050, 250, 1, 1], [550, 400, 550, 1150, 1250, 1150, 1050, 250, 1, 1], [550, 400, 550, 1150, 1250, 1150, 1050, 250, 1, 1]]}