{"mutate": 0.01, "average_fitness_history": [752.1490662970034, 815.3169882400103, 831.9386584840695, 835.9335386132291, 844.6937513906847, 852.2480226956691, 853.8774294495664, 855.4095978966653, 858.07471807442, 866.3129605115176, 865.4812902270237, 866.3056918556078, 872.3384717720141, 865.9287560979966, 862.038313903071, 864.6767549674206, 872.9814306507967, 866.868921248412, 861.6964787360971, 868.3375739478722, 871.386715395731, 870.666096864288, 870.2475533409951, 863.7712153327157, 867.5478235726587, 864.0012541510202], "add_random": 0.2, "strongest_fitness_history": [915.7181380271488, 941.9064642253003, 944.7132445771234, 946.4648825737216, 949.6165042370031, 954.0148542026217, 956.4892492155224, 956.4892492155224, 958.0107497145837, 959.28695122449, 959.28695122449, 960.42630019688, 962.0816382896347, 962.0816382896347, 962.0816382896347, 962.0816382896347, 962.0819691412964, 962.086750476693, 962.086750476693, 962.1096740914721, 962.1096740914721, 962.1096740914721, 962.1097192733845, 962.1097192733845, 962.1097192733845, 962.1097192733845], "elite": 0.0, "populationSize": 1000, "generations": 25, "strongest_history": [[1300, 450, 350, 1900, 1250, 650, 650, 150, 1, 1], [700, 450, 350, 1900, 1250, 650, 650, 150, 1, 1], [550, 500, 750, 1300, 1100, 1150, 850, 150, 1, 1], [550, 450, 400, 1500, 1050, 1150, 550, 100, 1, 1], [800, 500, 350, 1550, 1200, 1150, 550, 100, 1, 1], [700, 450, 350, 1950, 1250, 1100, 800, 200, 1, 1], [450, 500, 400, 2050, 1200, 1150, 550, 250, 1, 1], [450, 500, 400, 2050, 1200, 1150, 550, 250, 1, 1], [450, 500, 350, 1050, 1250, 1150, 550, 200, 1, 1], [450, 500, 350, 1050, 1250, 1150, 550, 250, 1, 1], [450, 500, 350, 1050, 1250, 1150, 550, 250, 1, 1], [550, 450, 400, 900, 1250, 1150, 1050, 200, 1, 1], [450, 1250, 350, 1050, 1250, 1150, 1050, 250, 1, 1], [450, 500, 350, 1050, 1250, 1150, 1050, 250, 1, 1], [450, 1250, 350, 1050, 1250, 1150, 1050, 250, 1, 1], [450, 500, 350, 1050, 1250, 1150, 1050, 250, 1, 1], [550, 500, 350, 1050, 1250, 1150, 1050, 250, 1, 1], [550, 450, 400, 1050, 1250, 1150, 1050, 250, 1, 1], [550, 450, 400, 1050, 1250, 1150, 1050, 250, 1, 1], [550, 400, 350, 1150, 1250, 1150, 1050, 250, 1, 1], [550, 400, 350, 1150, 1250, 1150, 1050, 250, 1, 1], [550, 400, 350, 1150, 1250, 1150, 1050, 250, 1, 1], [550, 450, 400, 1150, 1250, 1150, 1050, 250, 1, 1], [550, 450, 400, 1150, 1250, 1150, 1050, 250, 1, 1], [550, 450, 400, 1150, 1250, 1150, 1050, 250, 1, 1], [550, 450, 400, 1150, 1250, 1150, 1050, 250, 1, 1]]}