{"mutate": 0.01, "average_fitness_history": [751.1097544084713, 814.0856026327194, 824.4214041477497, 837.2924250461543, 842.3565167651043, 845.290769784914, 856.3099313458658, 846.9038862315734, 854.5676793660158, 861.815038752726, 869.9816163191489, 865.171883416999, 866.0406230411136, 861.869437700776, 866.0211976837878, 864.3651474125943, 863.0305058031198, 862.7944859277468, 866.2533780934183, 869.732489303893, 875.0064750652222, 870.094439456082, 871.9513136224175, 864.8906960351358, 868.4171395459737, 867.152274112684], "add_random": 0.2, "strongest_fitness_history": [944.845643109802, 945.3583085315686, 954.6003256083811, 954.6003256083811, 954.6003256083811, 954.7875695705691, 957.2237037392553, 957.2237037392553, 957.2237037392553, 957.8651648091939, 958.2777068724614, 958.499467663333, 959.6360165844902, 960.803128073531, 960.803128073531, 962.0802762906013, 962.0802762906013, 962.0802762906013, 962.2967351886232, 962.2967351886232, 962.2967351886232, 962.2967392247572, 962.2967392247572, 962.3137734716631, 962.3137734716631, 962.3137734716631], "elite": 0.0, "populationSize": 1000, "generations": 25, "strongest_history": [[650, 450, 550, 1250, 900, 900, 700, 250, 1, 1], [600, 550, 650, 2050, 1150, 1000, 750, 250, 1, 1], [600, 450, 600, 1850, 1150, 1150, 1000, 250, 1, 1], [600, 450, 600, 1850, 1150, 1150, 1000, 250, 1, 1], [600, 450, 600, 1850, 1150, 1150, 1000, 250, 1, 1], [550, 400, 450, 2000, 1150, 1150, 800, 250, 1, 1], [600, 450, 600, 1850, 1250, 1150, 700, 250, 1, 1], [600, 450, 600, 1850, 1250, 1150, 700, 250, 1, 1], [600, 450, 600, 1850, 1250, 1150, 700, 250, 1, 1], [750, 450, 400, 1300, 1250, 1150, 700, 250, 1, 1], [650, 400, 650, 1200, 1250, 1150, 900, 250, 1, 1], [600, 500, 400, 1600, 1200, 1150, 1050, 200, 1, 1], [600, 500, 400, 1200, 1250, 1150, 700, 250, 1, 1], [600, 500, 400, 1200, 1250, 1150, 1050, 200, 1, 1], [600, 500, 400, 1200, 1250, 1150, 1050, 200, 1, 1], [600, 500, 400, 1200, 1250, 1150, 1050, 250, 1, 1], [600, 500, 400, 1200, 1250, 1150, 1050, 250, 1, 1], [600, 500, 400, 1200, 1250, 1150, 1050, 250, 1, 1], [600, 450, 550, 1200, 1250, 1150, 1050, 250, 1, 1], [600, 450, 550, 1200, 1250, 1150, 1050, 250, 1, 1], [600, 450, 550, 1200, 1250, 1150, 1050, 250, 1, 1], [600, 400, 550, 1200, 1250, 1150, 1050, 250, 1, 1], [600, 400, 550, 1200, 1250, 1150, 1050, 250, 1, 1], [550, 400, 550, 1200, 1250, 1150, 1050, 250, 1, 1], [550, 400, 550, 1200, 1250, 1150, 1050, 250, 1, 1], [550, 400, 550, 1200, 1250, 1150, 1050, 250, 1, 1]]}