{"mutate": 0.01, "average_fitness_history": [752.4462178280512, 813.8016418043284, 825.4191581538291, 838.9869811740408, 844.8705368697515, 851.4554903884167, 861.1780582015837, 863.1733530737265, 860.5287513151711, 866.280232257809, 856.2752484519123, 865.0085247916651, 865.563376922952, 859.8497720781174, 864.7417227283879, 867.5855344828235, 870.5626857093841, 870.0538735049461, 868.9353395332056, 864.8701808717822, 868.9858609624771, 870.3522933521375, 864.2023715687671, 875.7575937299764, 868.4271128101559, 875.5332927458782], "add_random": 0.2, "strongest_fitness_history": [947.6881080862239, 947.6881151081826, 950.3362499157412, 950.3570449907851, 954.3176229319578, 954.5232463337682, 955.4724091695504, 957.9631955986733, 958.7191471187989, 958.7191471187989, 958.7191471187989, 959.9896383690021, 960.9908423025123, 961.11288202558, 961.11288202558, 962.1097035304698, 962.3336106045642, 962.3336106045642, 962.3336184580401, 962.3336184580401, 962.3336184580401, 962.3336184580401, 962.3336184580401, 962.3336184580401, 962.3336184580401, 962.3336184580401], "elite": 0.0, "populationSize": 1000, "generations": 25, "strongest_history": [[450, 450, 550, 1700, 900, 1100, 1050, 150, 1, 1], [500, 450, 550, 1700, 900, 1100, 1050, 150, 1, 1], [700, 550, 350, 1100, 1200, 950, 700, 250, 1, 1], [450, 600, 400, 1150, 1050, 1150, 950, 200, 1, 1], [450, 600, 400, 1150, 1250, 1150, 450, 200, 1, 1], [600, 500, 450, 1350, 1150, 1100, 550, 250, 1, 1], [450, 600, 400, 1150, 1250, 1100, 1050, 150, 1, 1], [700, 550, 350, 1100, 1200, 1100, 1050, 200, 1, 1], [450, 450, 350, 1100, 1200, 1100, 1050, 200, 1, 1], [450, 450, 350, 1100, 1200, 1100, 1050, 200, 1, 1], [450, 450, 350, 1100, 1200, 1100, 1050, 200, 1, 1], [450, 450, 350, 1100, 1200, 1100, 1050, 250, 1, 1], [450, 600, 400, 1150, 1250, 1150, 1050, 250, 1, 1], [650, 500, 450, 900, 1200, 1150, 1050, 250, 1, 1], [650, 500, 450, 900, 1200, 1150, 1050, 250, 1, 1], [450, 450, 400, 1150, 1250, 1150, 1050, 250, 1, 1], [450, 450, 550, 1150, 1250, 1150, 1050, 250, 1, 1], [450, 450, 550, 1150, 1250, 1150, 1050, 250, 1, 1], [500, 450, 550, 1150, 1250, 1150, 1050, 250, 1, 1], [500, 450, 550, 1150, 1250, 1150, 1050, 250, 1, 1], [500, 450, 550, 1150, 1250, 1150, 1050, 250, 1, 1], [500, 450, 550, 1150, 1250, 1150, 1050, 250, 1, 1], [500, 450, 550, 1150, 1250, 1150, 1050, 250, 1, 1], [500, 450, 550, 1150, 1250, 1150, 1050, 250, 1, 1], [500, 450, 550, 1150, 1250, 1150, 1050, 250, 1, 1], [500, 450, 550, 1150, 1250, 1150, 1050, 250, 1, 1]]}