{"mutate": 0.01, "average_fitness_history": [749.609985718916, 813.1187884510945, 828.2980372474127, 840.7312409367797, 849.3083585259639, 849.9987948509789, 855.8234892511188, 855.173586178655, 856.6944200960337, 861.5861199283408, 867.9815239987959, 862.3001256299837, 869.3392566957655, 870.6915099688177, 867.3528509406912, 872.4269426420462, 872.8920519457597, 862.6884022581662, 862.588812811578, 870.2689091661541, 862.5743590736622, 872.313971796468, 874.0033481400309, 865.6443264604378, 869.985453197013, 863.6148488336408], "add_random": 0.2, "strongest_fitness_history": [942.6606577761806, 942.660660088609, 952.3650693748111, 953.8567704904174, 957.6141112795451, 957.6141112795451, 957.6141112795451, 957.6141112795451, 961.2893735808341, 961.2893735808341, 962.1031566754538, 962.1031566754538, 962.1031566754538, 962.1031566754538, 962.1031566754538, 962.1169897849948, 962.1169897849948, 962.1169897849948, 962.1169897849948, 962.1169897849948, 962.1169897849948, 962.1169897849948, 962.1169897849948, 962.1169897849948, 962.1169897849948, 962.1169897849948], "elite": 0.0, "populationSize": 1000, "generations": 25, "strongest_history": [[450, 400, 850, 1350, 1050, 1100, 700, 250, 1, 1], [500, 400, 850, 1350, 1050, 1100, 700, 250, 1, 1], [700, 500, 400, 1900, 900, 1150, 1050, 250, 1, 1], [600, 500, 650, 1000, 900, 1150, 1050, 250, 1, 1], [450, 450, 400, 1250, 1200, 1150, 650, 200, 1, 1], [450, 450, 400, 1250, 1200, 1150, 650, 200, 1, 1], [450, 450, 400, 1250, 1200, 1150, 650, 200, 1, 1], [450, 450, 400, 1250, 1200, 1150, 650, 200, 1, 1], [450, 450, 400, 1250, 1200, 1150, 1050, 250, 1, 1], [450, 450, 400, 1250, 1200, 1150, 1050, 250, 1, 1], [550, 500, 450, 1100, 1250, 1150, 1050, 250, 1, 1], [550, 500, 450, 1100, 1250, 1150, 1050, 250, 1, 1], [550, 500, 450, 1100, 1250, 1150, 1050, 250, 1, 1], [550, 500, 450, 1100, 1250, 1150, 1050, 250, 1, 1], [550, 500, 450, 1100, 1250, 1150, 1050, 250, 1, 1], [550, 450, 450, 1100, 1250, 1150, 1050, 250, 1, 1], [550, 450, 450, 1100, 1250, 1150, 1050, 250, 1, 1], [550, 450, 450, 1100, 1250, 1150, 1050, 250, 1, 1], [550, 450, 450, 1100, 1250, 1150, 1050, 250, 1, 1], [550, 450, 450, 1100, 1250, 1150, 1050, 250, 1, 1], [550, 450, 450, 1100, 1250, 1150, 1050, 250, 1, 1], [550, 450, 450, 1100, 1250, 1150, 1050, 250, 1, 1], [550, 450, 450, 1100, 1250, 1150, 1050, 250, 1, 1], [550, 450, 450, 1100, 1250, 1150, 1050, 250, 1, 1], [550, 450, 450, 1100, 1250, 1150, 1050, 250, 1, 1], [550, 450, 450, 1100, 1250, 1150, 1050, 250, 1, 1]]}