{"mutate": 0.01, "average_fitness_history": [748.3458743777464, 804.1290581567534, 826.8075174516133, 841.134502811984, 850.4873410261897, 855.9011024229798, 849.5184282881663, 858.8413212460973, 851.9888085661556, 863.059042938905, 863.7362066478619, 865.7314493765153, 867.2802696187425, 860.2942395238912, 867.6969624090791, 863.2070081725194, 866.2075642144307, 866.3214149478983, 870.3532652289159, 866.9135954250746, 864.4434237506355, 868.4239933647783, 870.0228792351863, 874.1765073146483, 875.3950651766752, 866.7046084361776], "add_random": 0.2, "strongest_fitness_history": [944.9252053681907, 948.2830597753048, 948.2830597753048, 948.2830597753048, 957.6968260449418, 957.6968260449418, 957.6968260449418, 958.0997177502177, 958.4102193279717, 958.4102193279717, 960.5069861849655, 960.5069861849655, 960.5069861849655, 960.5069861849655, 960.5069861849655, 961.2182520139339, 961.504672744657, 961.5120984109204, 961.9789873265439, 961.9809739785227, 961.9844814284633, 962.0980226657487, 962.0980226657487, 962.0980226657487, 962.118575060724, 962.1194265034827], "elite": 0.0, "populationSize": 1000, "generations": 25, "strongest_history": [[750, 500, 600, 750, 1100, 1100, 1050, 200, 1, 1], [650, 450, 650, 1150, 800, 1100, 800, 250, 1, 1], [650, 450, 650, 1150, 800, 1100, 800, 250, 1, 1], [650, 450, 650, 1150, 800, 1100, 800, 250, 1, 1], [650, 400, 600, 1650, 1250, 1100, 1050, 250, 1, 1], [650, 400, 600, 1650, 1250, 1100, 1050, 250, 1, 1], [650, 400, 600, 1650, 1250, 1100, 1050, 250, 1, 1], [650, 400, 600, 1350, 1200, 1150, 800, 250, 1, 1], [550, 400, 1700, 1350, 1200, 1150, 800, 250, 1, 1], [550, 400, 1700, 1350, 1200, 1150, 800, 250, 1, 1], [650, 400, 600, 1350, 1200, 1150, 1050, 250, 1, 1], [650, 400, 600, 1350, 1200, 1150, 1050, 250, 1, 1], [650, 400, 600, 1350, 1200, 1150, 1050, 250, 1, 1], [650, 400, 600, 1350, 1200, 1150, 1050, 250, 1, 1], [650, 400, 600, 1350, 1200, 1150, 1050, 250, 1, 1], [650, 400, 600, 1150, 1200, 1150, 1050, 250, 1, 1], [600, 450, 600, 1150, 1200, 1150, 1050, 250, 1, 1], [650, 450, 400, 1150, 1200, 1150, 700, 250, 1, 1], [650, 500, 450, 1200, 1250, 1150, 1050, 250, 1, 1], [550, 400, 600, 1200, 1250, 1150, 1050, 250, 1, 1], [600, 450, 600, 1150, 1150, 1150, 1050, 250, 1, 1], [600, 500, 450, 1200, 1250, 1150, 1050, 250, 1, 1], [600, 500, 450, 1200, 1250, 1150, 1050, 250, 1, 1], [600, 500, 450, 1200, 1250, 1150, 1050, 250, 1, 1], [600, 500, 450, 1150, 1250, 1150, 1050, 250, 1, 1], [550, 400, 450, 1200, 1250, 1150, 1050, 250, 1, 1]]}