{"mutate": 0.01, "average_fitness_history": [753.05468142851, 813.985949638201, 826.2548264216077, 839.8290092240802, 845.9446364882243, 855.7344373011734, 859.9453823583474, 857.1303628665413, 865.0083589316442, 859.6508472615378, 857.0082724376326, 864.621011173527, 873.1335683264538, 867.782513162728, 870.5300619986476, 870.4794389972685, 870.0654602625052, 858.1893546942086, 866.8315758337877, 864.6528176637837, 873.6958926106046, 871.659607019427, 866.7509644116441, 869.9558769511009, 877.9982072521201, 864.1224578510216], "add_random": 0.2, "strongest_fitness_history": [945.6480338634277, 945.6480338634277, 948.5381910996294, 948.5381910996294, 950.471086662933, 957.3152727879159, 957.8288583951932, 957.8609193679158, 958.4140095262044, 958.895872243645, 959.4564923860283, 959.743189259602, 959.743189259602, 959.815687063189, 961.9095396576683, 961.9095396576683, 961.9095396576683, 962.0270349094075, 962.2561555740784, 962.2561555740784, 962.2561555740784, 962.2561555740784, 962.2561555740784, 962.2561555740784, 962.2561555740784, 962.2561555740784], "elite": 0.0, "populationSize": 1000, "generations": 25, "strongest_history": [[550, 450, 550, 1900, 1250, 850, 800, 150, 1, 1], [550, 450, 550, 1900, 1250, 850, 800, 150, 1, 1], [750, 650, 550, 1300, 1250, 1100, 700, 250, 1, 1], [750, 650, 550, 1300, 1250, 1100, 700, 250, 1, 1], [550, 500, 600, 1450, 1250, 900, 1000, 250, 1, 1], [600, 550, 550, 1300, 1250, 1100, 700, 250, 1, 1], [550, 500, 600, 950, 1250, 1100, 700, 250, 1, 1], [500, 400, 400, 850, 1200, 1150, 800, 250, 1, 1], [600, 550, 550, 1300, 1250, 1100, 1050, 200, 1, 1], [500, 500, 550, 1500, 1250, 1000, 750, 250, 1, 1], [550, 500, 600, 950, 1250, 1150, 1000, 250, 1, 1], [550, 550, 550, 1300, 1250, 1100, 1050, 250, 1, 1], [550, 550, 550, 1300, 1250, 1100, 1050, 250, 1, 1], [550, 450, 450, 1750, 1250, 1150, 1050, 250, 1, 1], [550, 500, 600, 950, 1250, 1150, 1050, 250, 1, 1], [550, 500, 600, 950, 1250, 1150, 1050, 250, 1, 1], [550, 500, 600, 1550, 1250, 1150, 1050, 250, 1, 1], [550, 500, 350, 1000, 1250, 1150, 1050, 250, 1, 1], [550, 400, 550, 950, 1250, 1150, 1050, 250, 1, 1], [550, 850, 550, 950, 1250, 1150, 1050, 250, 1, 1], [550, 400, 550, 950, 1250, 1150, 1050, 250, 1, 1], [550, 400, 550, 950, 1250, 1150, 1050, 250, 1, 1], [550, 400, 550, 950, 1250, 1150, 1050, 250, 1, 1], [550, 400, 550, 950, 1250, 1150, 1050, 250, 1, 1], [550, 400, 550, 950, 1250, 1150, 1050, 250, 1, 1], [550, 400, 550, 1000, 1250, 1150, 1050, 250, 1, 1]]}