{"mutate": 0.01, "average_fitness_history": [745.2115646274232, 806.7500174694921, 829.7536230411987, 833.1102418113526, 843.2688794337708, 848.5686146496156, 856.7340884060209, 855.8656981588276, 859.5661160069006, 858.3292945423858, 853.5246057479535, 859.6614277145673, 863.460123902213, 866.0285745627937, 865.5046449409523, 866.7876932484571, 862.0017702113311, 868.5204575653848, 864.9969218167911, 869.1212081324186, 872.0785333465244, 870.9603580377233, 872.0644640283493, 863.300338827177, 870.5247457322937, 867.8124879949027], "add_random": 0.2, "strongest_fitness_history": [946.4576247239494, 946.4576247239494, 946.4576247239494, 953.6170932047696, 953.6170932047696, 953.6170932047696, 956.5800901628531, 956.6775238351844, 957.8934224060546, 961.2929973460514, 961.2929973460514, 961.2929973460514, 961.2929973460514, 962.1015100198433, 962.1097192733845, 962.1097192733845, 962.1162878850736, 962.2787650967387, 962.2957278501428, 962.2957278501428, 962.2957278501428, 962.2973951343207, 962.3105326333804, 962.3188033834739, 962.3188033834739, 962.3188033834739], "elite": 0.0, "populationSize": 1000, "generations": 25, "strongest_history": [[450, 450, 650, 1200, 1150, 1050, 1050, 150, 1, 1], [450, 450, 650, 1200, 1150, 1050, 1050, 150, 1, 1], [450, 450, 650, 1200, 1150, 1050, 1050, 150, 1, 1], [450, 450, 650, 1200, 1250, 1150, 300, 200, 1, 1], [450, 450, 650, 1200, 1250, 1150, 300, 200, 1, 1], [450, 450, 650, 1200, 1250, 1150, 300, 200, 1, 1], [500, 500, 450, 1100, 1250, 1100, 1050, 150, 1, 1], [700, 650, 350, 1400, 1200, 1150, 1050, 250, 1, 1], [550, 650, 350, 1400, 1200, 1150, 1050, 250, 1, 1], [600, 500, 550, 1300, 1200, 1150, 1050, 250, 1, 1], [600, 500, 550, 1300, 1200, 1150, 1050, 250, 1, 1], [600, 500, 550, 1300, 1200, 1150, 1050, 250, 1, 1], [600, 500, 550, 1300, 1200, 1150, 1050, 250, 1, 1], [500, 500, 450, 1100, 1250, 1150, 1050, 250, 1, 1], [550, 450, 400, 1150, 1250, 1150, 1050, 250, 1, 1], [550, 450, 400, 1150, 1250, 1150, 1050, 250, 1, 1], [450, 400, 450, 1100, 1250, 1150, 1050, 250, 1, 1], [600, 500, 550, 1100, 1250, 1150, 1050, 250, 1, 1], [450, 500, 550, 1100, 1250, 1150, 1050, 250, 1, 1], [450, 500, 550, 1100, 1250, 1150, 1050, 250, 1, 1], [450, 500, 550, 1100, 1250, 1150, 1050, 250, 1, 1], [550, 500, 550, 1100, 1250, 1150, 1050, 250, 1, 1], [450, 450, 550, 1100, 1250, 1150, 1050, 250, 1, 1], [450, 500, 550, 1150, 1250, 1150, 1050, 250, 1, 1], [450, 500, 550, 1150, 1250, 1150, 1050, 250, 1, 1], [450, 500, 550, 1150, 1250, 1150, 1050, 250, 1, 1]]}