{"mutate": 0.01, "average_fitness_history": [752.3283863868586, 809.0545266003712, 827.1435774007933, 836.4147366865935, 841.4300357156587, 861.5145454579205, 865.0548516010585, 856.8330238600159, 864.540194847787, 858.5747776471245, 867.2135062532461, 873.2662600812885, 863.8106011125334, 865.0806488975137, 870.9647460409515, 870.7669726342283, 866.4397412364166, 869.6761884122234, 870.9418229835288, 864.2759364471314, 863.6610012994421, 867.5796321948496, 874.8016162523553, 865.4232831987254, 861.7918071371977, 868.7850066446534], "add_random": 0.2, "strongest_fitness_history": [942.8204229949365, 950.8738350254067, 950.8738350254067, 952.053806866559, 955.9916340073319, 955.9916340073319, 956.1632517167506, 957.268926710379, 958.4817656222657, 960.1633843669238, 960.1633843669238, 960.1633843669238, 961.9095396576683, 962.2621652970419, 962.2621652970419, 962.2621652970419, 962.2621652970419, 962.2621652970419, 962.2621652970419, 962.2621652970419, 962.2621652970419, 962.2621652970419, 962.2621652970419, 962.2621652970419, 962.2851872121036, 962.2851872121036], "elite": 0.0, "populationSize": 1000, "generations": 25, "strongest_history": [[550, 650, 450, 1650, 750, 1150, 800, 250, 1, 1], [550, 400, 500, 1350, 950, 1100, 750, 250, 1, 1], [550, 400, 500, 1350, 950, 1100, 750, 250, 1, 1], [650, 450, 350, 1400, 850, 1150, 950, 250, 1, 1], [700, 550, 600, 1600, 1250, 1150, 950, 250, 1, 1], [700, 550, 600, 1600, 1250, 1150, 950, 250, 1, 1], [550, 450, 500, 2050, 1250, 1150, 750, 200, 1, 1], [550, 400, 400, 2050, 1250, 1150, 750, 250, 1, 1], [650, 450, 350, 1400, 1250, 1150, 600, 250, 1, 1], [550, 400, 700, 950, 1250, 1150, 1050, 150, 1, 1], [550, 400, 700, 950, 1250, 1150, 1050, 150, 1, 1], [550, 400, 700, 950, 1250, 1150, 1050, 150, 1, 1], [550, 1250, 600, 950, 1250, 1150, 1050, 250, 1, 1], [550, 400, 500, 1050, 1250, 1150, 1050, 250, 1, 1], [550, 400, 500, 1050, 1250, 1150, 1050, 250, 1, 1], [550, 400, 500, 1050, 1250, 1150, 500, 250, 1, 1], [550, 400, 500, 1050, 1250, 1150, 1050, 250, 1, 1], [550, 400, 500, 1050, 1250, 1150, 1050, 250, 1, 1], [550, 400, 500, 1050, 1250, 1150, 1050, 250, 1, 1], [550, 400, 500, 1050, 1250, 1150, 1050, 250, 1, 1], [550, 400, 500, 1050, 1250, 1150, 1050, 250, 1, 1], [550, 400, 500, 1050, 1250, 1150, 1050, 250, 1, 1], [550, 400, 500, 1050, 1250, 1150, 1050, 250, 1, 1], [550, 400, 500, 1050, 1250, 1150, 1050, 250, 1, 1], [550, 400, 500, 1150, 1250, 1150, 1050, 250, 1, 1], [550, 400, 500, 1150, 1250, 1150, 1050, 250, 1, 1]]}