{"mutate": 0.01, "average_fitness_history": [749.892074913617, 813.042585316627, 827.9544857431703, 836.7115590286129, 843.0489260492046, 846.416867102013, 856.5810439478735, 849.0554128267505, 858.649362614188, 860.9872982559853, 861.0067050885411, 866.244096160215, 868.3611950850835, 866.8259696395254, 858.2247396053655, 868.6393538022062, 860.7418413517498, 865.6175495054567, 863.8266763974731, 867.8826829225166, 868.7441290165932, 869.1596965157999, 867.4674276363126, 873.6779558750126, 866.3620288377595, 870.1124567830195], "add_random": 0.2, "strongest_fitness_history": [942.261880219235, 953.6083910899255, 953.6083910899255, 953.6083910899255, 953.6083910899255, 953.6083910899255, 955.8747443247889, 958.1675580555265, 960.2958602223237, 960.2958602223237, 960.2958602223237, 960.2958602223237, 960.2958602223237, 961.4002898011526, 961.4002898011526, 961.5915142430032, 962.2942267484866, 962.2973951343207, 962.2973951343207, 962.2973951343207, 962.2973951343207, 962.3112546635437, 962.3112546635437, 962.3112546635437, 962.3112546635437, 962.3112546635437], "elite": 0.0, "populationSize": 1000, "generations": 25, "strongest_history": [[550, 500, 550, 950, 1100, 650, 1000, 250, 1, 1], [550, 500, 550, 950, 1100, 1100, 1050, 250, 1, 1], [550, 500, 550, 950, 1100, 1100, 1050, 250, 1, 1], [550, 500, 550, 950, 1100, 1100, 1050, 250, 1, 1], [550, 500, 550, 950, 1100, 1100, 1050, 250, 1, 1], [550, 500, 550, 950, 1100, 1100, 1050, 250, 1, 1], [700, 500, 450, 1350, 1150, 1150, 900, 250, 1, 1], [550, 500, 550, 1000, 1250, 1100, 800, 250, 1, 1], [550, 500, 550, 1250, 1250, 1100, 1050, 250, 1, 1], [550, 500, 550, 1250, 1250, 1100, 1050, 250, 1, 1], [550, 500, 550, 1250, 1250, 1100, 1050, 250, 1, 1], [550, 500, 550, 1250, 1250, 1100, 1050, 250, 1, 1], [550, 500, 550, 1250, 1250, 1100, 1050, 250, 1, 1], [550, 500, 450, 1350, 1250, 1150, 1050, 250, 1, 1], [550, 500, 450, 1350, 1250, 1150, 1050, 250, 1, 1], [450, 500, 550, 1350, 1250, 1150, 1050, 250, 1, 1], [600, 400, 550, 1050, 1250, 1150, 1050, 250, 1, 1], [550, 500, 550, 1050, 1250, 1150, 1050, 250, 1, 1], [1750, 500, 550, 1050, 1250, 1150, 1050, 250, 1, 1], [550, 500, 550, 1050, 1250, 1150, 1050, 250, 1, 1], [550, 500, 550, 1050, 1250, 1150, 1050, 250, 1, 1], [550, 400, 550, 1050, 1250, 1150, 1050, 250, 1, 1], [550, 400, 550, 1050, 1250, 1150, 1050, 250, 1, 1], [550, 400, 550, 1050, 1250, 1150, 1050, 250, 1, 1], [550, 400, 550, 1050, 1250, 1150, 1050, 250, 1, 1], [550, 400, 550, 1050, 1250, 1150, 1050, 250, 1, 1]]}