{"mutate": 0.01, "average_fitness_history": [747.890471302535, 813.2063807829713, 826.7060977811631, 836.4418781533846, 847.1312852244122, 859.9544756081555, 854.9950635574806, 862.6002747439187, 868.8883599113914, 863.4112755368293, 863.6751587185638, 869.2205708199127, 864.2760574075227, 870.5221203908284, 868.168560240619, 869.5622505613767, 866.8590429877504, 867.5878994601366, 869.8329026328538, 874.0900586800051, 869.1773219614018, 868.1662390903679, 862.3217568275617, 867.2506864843449, 868.1704064611754, 867.0315467310254], "add_random": 0.2, "strongest_fitness_history": [937.5388686110167, 948.182435783029, 948.182435783029, 953.225317149839, 953.225317149839, 956.1701675363721, 958.0766086852957, 958.9982315671443, 960.1398689366681, 960.3259864571644, 961.763429546278, 961.763429546278, 961.763429546278, 961.763429546278, 962.2422939775606, 962.2422939775606, 962.3204720697564, 962.3204720697564, 962.3204720697564, 962.3204720697564, 962.3204720697564, 962.3336212217234, 962.3343332342337, 962.3343332342337, 962.3343332342337, 962.3343332342337], "elite": 0.0, "populationSize": 1000, "generations": 25, "strongest_history": [[550, 450, 750, 1150, 1050, 900, 850, 150, 1, 1], [550, 500, 550, 950, 1200, 650, 900, 250, 1, 1], [550, 500, 550, 950, 1200, 650, 900, 250, 1, 1], [550, 500, 500, 2050, 1250, 1150, 550, 150, 1, 1], [550, 500, 500, 2050, 1250, 1150, 550, 150, 1, 1], [450, 650, 350, 1200, 1200, 1150, 450, 250, 1, 1], [550, 500, 550, 950, 1200, 1150, 850, 200, 1, 1], [550, 500, 550, 950, 1200, 1150, 550, 250, 1, 1], [550, 500, 550, 950, 1200, 1100, 1050, 250, 1, 1], [450, 400, 550, 1350, 1250, 1150, 1050, 200, 1, 1], [550, 500, 550, 950, 1200, 1150, 1050, 250, 1, 1], [550, 500, 550, 950, 1200, 1150, 1050, 250, 1, 1], [550, 500, 550, 950, 1200, 1150, 1050, 250, 1, 1], [550, 500, 550, 950, 1200, 1150, 1050, 250, 1, 1], [550, 500, 550, 950, 1250, 1150, 1050, 250, 1, 1], [550, 500, 550, 950, 1250, 1150, 1050, 250, 1, 1], [550, 500, 550, 1150, 1250, 1150, 1050, 250, 1, 1], [550, 500, 550, 1150, 1250, 1150, 1050, 250, 1, 1], [550, 500, 550, 1150, 1250, 1150, 600, 250, 1, 1], [2750, 500, 550, 1150, 1250, 1150, 1050, 250, 1, 1], [550, 500, 550, 1150, 1250, 1150, 1050, 250, 1, 1], [450, 400, 550, 1150, 1250, 1150, 1050, 250, 1, 1], [550, 400, 550, 1150, 1250, 1150, 1050, 250, 1, 1], [550, 400, 550, 1150, 1250, 1150, 1050, 250, 1, 1], [550, 400, 550, 1150, 1250, 1150, 1050, 100, 1, 1], [550, 400, 550, 1150, 1250, 1150, 1050, 250, 1, 1]]}