{"mutate": 0.01, "average_fitness_history": [750.849487612616, 802.8820352846225, 816.164513800025, 835.6844226328901, 841.5529644928389, 849.1078380609146, 856.3653146384307, 858.3034676668096, 861.3858939724796, 861.7923879167271, 863.4087058269879, 861.1906192290031, 866.5580449039086, 873.707702654615, 867.1437028439699, 867.7944991301516, 859.002879968892, 867.1710297378488, 874.2415006672724, 868.0327525030566, 867.4703654751356, 868.7130232541729, 869.1223457402871, 874.5421555400235, 868.7941863337496, 875.5895258444674], "add_random": 0.2, "strongest_fitness_history": [941.954594567499, 945.072766499634, 947.2899674284814, 947.2899674284814, 947.2899674284814, 952.0076471970158, 956.0829576397457, 957.3593919600497, 958.0796267330115, 959.9145190754986, 959.9145190754986, 959.9145190754986, 959.9145190754986, 960.2186373602449, 960.220663505526, 960.220663505526, 961.1928929150512, 961.4965636608379, 961.760150791559, 962.3018447118624, 962.3018447118624, 962.317307770591, 962.317307770591, 962.3188033834739, 962.3188033834739, 962.3343332342337], "elite": 0.0, "populationSize": 1000, "generations": 25, "strongest_history": [[750, 400, 350, 1000, 1000, 700, 600, 250, 1, 1], [650, 450, 350, 1100, 1100, 800, 650, 250, 1, 1], [650, 450, 350, 1100, 1000, 1100, 850, 150, 1, 1], [650, 450, 350, 1100, 1000, 1100, 850, 150, 1, 1], [650, 800, 350, 1100, 1000, 1100, 850, 150, 1, 1], [550, 400, 400, 1950, 1150, 1100, 950, 200, 1, 1], [600, 400, 400, 1350, 1250, 1100, 750, 200, 1, 1], [600, 400, 400, 1350, 1250, 1100, 750, 250, 1, 1], [550, 600, 350, 1100, 1200, 1150, 950, 250, 1, 1], [650, 500, 550, 1250, 1200, 1150, 1050, 200, 1, 1], [650, 500, 550, 1250, 1200, 1150, 1050, 200, 1, 1], [650, 500, 550, 1250, 1200, 1150, 1050, 200, 1, 1], [650, 500, 550, 1250, 1200, 1150, 1050, 200, 1, 1], [600, 400, 550, 1250, 1200, 1150, 1050, 200, 1, 1], [450, 500, 550, 1250, 1200, 1150, 1050, 200, 1, 1], [450, 500, 550, 1250, 1200, 1150, 1050, 200, 1, 1], [650, 500, 550, 1250, 1200, 1150, 1050, 250, 1, 1], [450, 500, 550, 1250, 1200, 1150, 1050, 250, 1, 1], [600, 400, 550, 950, 1200, 1150, 1050, 250, 1, 1], [600, 500, 550, 1150, 1250, 1150, 1050, 250, 1, 1], [600, 500, 550, 1150, 1250, 1150, 1050, 250, 1, 1], [600, 400, 550, 1150, 1250, 1150, 1050, 250, 1, 1], [600, 400, 550, 1150, 1250, 1150, 1050, 250, 1, 1], [450, 500, 550, 1150, 1250, 1150, 1050, 250, 1, 1], [450, 500, 550, 1150, 1250, 1150, 1050, 250, 1, 1], [550, 400, 550, 1150, 1250, 1150, 1050, 250, 1, 1]]}