{"mutate": 0.01, "average_fitness_history": [749.0807106985571, 811.1265324936436, 827.1881780664932, 841.9698123604923, 845.9137644676285, 850.6184235353842, 853.3857092210642, 859.2361969201212, 856.8475224233774, 866.9998006051092, 866.4809906748552, 859.0719166707537, 864.2917769345098, 857.0558435363321, 860.7276383067968, 861.29945094084, 864.742210672512, 866.3144041730854, 874.1641349142894, 864.8965594193731, 872.0323788773588, 871.910177434798, 861.3218031385899, 865.1733050736441, 870.1419426325775, 871.9046604019179], "add_random": 0.2, "strongest_fitness_history": [942.1692778667918, 942.1692778667918, 942.1692778667918, 943.7612819173883, 947.2262402095297, 947.7995210934148, 949.9855555965986, 952.2763296116749, 952.7672112495194, 958.0855372865964, 958.5275108771418, 959.0906270727322, 959.4051646570709, 959.8476687930362, 959.8476687930362, 959.8476687930362, 961.2053897824984, 961.7979298698409, 962.111034825853, 962.1162905472984, 962.2973951343207, 962.3105459221587, 962.3112506320833, 962.3112506320833, 962.3112546635437, 962.3112546635437], "elite": 0.0, "populationSize": 1000, "generations": 25, "strongest_history": [[700, 700, 450, 1050, 1100, 1150, 950, 150, 1, 1], [700, 700, 450, 1050, 1100, 1150, 950, 150, 1, 1], [700, 700, 450, 1050, 1100, 1150, 950, 150, 1, 1], [550, 500, 600, 1150, 900, 750, 1000, 200, 1, 1], [800, 450, 550, 1700, 1000, 1150, 550, 250, 1, 1], [550, 600, 450, 1050, 1100, 1150, 950, 150, 1, 1], [550, 600, 450, 1050, 1200, 1000, 950, 250, 1, 1], [700, 450, 450, 1050, 1100, 1150, 900, 250, 1, 1], [500, 400, 450, 1100, 850, 1150, 900, 250, 1, 1], [550, 750, 450, 1050, 1200, 1150, 900, 250, 1, 1], [550, 600, 450, 1050, 1250, 1150, 900, 250, 1, 1], [550, 500, 600, 1150, 1200, 1150, 900, 250, 1, 1], [550, 500, 550, 1050, 1200, 1150, 950, 250, 1, 1], [550, 500, 550, 1050, 1250, 1150, 900, 250, 1, 1], [550, 500, 550, 1050, 1250, 400, 900, 250, 1, 1], [550, 500, 550, 1050, 1250, 1150, 900, 250, 1, 1], [650, 550, 450, 1050, 1200, 1150, 1050, 250, 1, 1], [550, 450, 450, 1250, 1250, 1150, 1050, 250, 1, 1], [600, 400, 450, 1050, 1250, 1150, 1050, 250, 1, 1], [500, 400, 450, 1050, 1250, 1150, 1050, 250, 1, 1], [550, 500, 550, 1050, 1250, 1150, 1050, 250, 1, 1], [2550, 400, 550, 1050, 1250, 1150, 1050, 250, 1, 1], [550, 450, 550, 1050, 1250, 1150, 1050, 250, 1, 1], [550, 450, 550, 1050, 1250, 1150, 1050, 250, 1, 1], [550, 400, 550, 1050, 1250, 1150, 1050, 250, 1, 1], [550, 400, 550, 1050, 1250, 1150, 1050, 250, 1, 1]]}