{"mutate": 0.01, "average_fitness_history": [746.1671417805752, 810.8790517948086, 830.8314860815098, 838.8127964035334, 848.4558446980993, 847.2400077064985, 856.9678035020358, 852.1400450740914, 856.9057603542026, 854.5710359522694, 867.4975832992261, 869.5072600746438, 866.3336569760244, 861.4632065121133, 867.407269275769, 870.1066043669965, 875.2596112212863, 866.1412727658353, 869.7079944364349, 867.1042872464853, 859.9863825699824, 868.2241826682624, 868.3215163801251, 866.7068743551348, 867.4817402397109, 862.7712874096211], "add_random": 0.2, "strongest_fitness_history": [939.8809030824931, 944.9026964257017, 945.483725217006, 951.9940823378779, 957.0906371358008, 957.0906371358008, 957.0906371358008, 957.8718227388287, 960.3085944213002, 960.3085944213002, 960.3085944213002, 960.4256491701929, 960.4256491701929, 962.2554452818378, 962.2554452818378, 962.2554452818378, 962.2554452818378, 962.2554452818378, 962.25544795318, 962.3343332342337, 962.3343332342337, 962.3343332342337, 962.3343332342337, 962.3343332342337, 962.3343332342337, 962.3343332342337], "elite": 0.0, "populationSize": 1000, "generations": 25, "strongest_history": [[650, 400, 550, 1000, 850, 950, 800, 100, 1, 1], [750, 400, 350, 1500, 850, 1100, 500, 200, 1, 1], [750, 400, 350, 1500, 1250, 1000, 700, 150, 1, 1], [650, 650, 400, 1150, 1250, 1100, 1050, 100, 1, 1], [650, 650, 400, 1150, 1250, 1100, 1050, 250, 1, 1], [650, 650, 400, 1150, 1250, 1100, 1050, 250, 1, 1], [650, 650, 400, 1150, 1250, 1100, 1050, 250, 1, 1], [650, 400, 550, 1000, 1250, 1100, 400, 250, 1, 1], [650, 400, 400, 1150, 1250, 1100, 1050, 250, 1, 1], [650, 400, 400, 1150, 1250, 1100, 1050, 250, 1, 1], [650, 400, 400, 1150, 1250, 1100, 1050, 250, 1, 1], [600, 400, 350, 1150, 1250, 1100, 1050, 250, 1, 1], [600, 400, 350, 1150, 1250, 1100, 1050, 250, 1, 1], [450, 400, 550, 1000, 1250, 1150, 1050, 250, 1, 1], [450, 400, 550, 1000, 1250, 1150, 1050, 250, 1, 1], [450, 400, 550, 1000, 1250, 1150, 1050, 250, 1, 1], [450, 400, 550, 1000, 1250, 1150, 1050, 250, 1, 1], [450, 400, 550, 1000, 1250, 1150, 1050, 250, 1, 1], [500, 400, 550, 1000, 1250, 1150, 1050, 250, 1, 1], [550, 400, 550, 1150, 1250, 1150, 1050, 250, 1, 1], [550, 400, 550, 1150, 1250, 1150, 1050, 250, 1, 1], [550, 400, 550, 1150, 1250, 550, 1050, 250, 1, 1], [550, 400, 550, 1150, 1250, 1150, 1050, 250, 1, 1], [550, 400, 550, 1150, 1250, 1150, 1050, 250, 1, 1], [550, 400, 550, 1150, 1250, 1150, 1050, 250, 1, 1], [550, 400, 550, 1150, 1250, 1150, 1050, 250, 1, 1]]}