{"mutate": 0.01, "average_fitness_history": [756.0151284163173, 806.5299232808055, 831.9599148555737, 841.710224677885, 843.3385855849498, 856.6447162857578, 859.6215587379127, 854.2666662726398, 863.1370082915289, 861.6610766501539, 864.691943998591, 860.6801368189981, 863.8510740173543, 867.0238516793698, 864.1815641856996, 869.5066802601564, 872.0885651068884, 866.3296630820548, 872.3023189152293, 869.3821221570222, 869.075019501159, 875.3287106406316, 869.0233640886436, 875.6079701713898, 868.7788329768628, 867.1093803628729], "add_random": 0.2, "strongest_fitness_history": [942.8392734888531, 946.061237273091, 946.061237273091, 946.3015061085958, 952.1323064496839, 954.8759288928798, 955.3769455032738, 956.6809579439401, 956.6809579439401, 958.5586064709178, 960.7430235217843, 962.1097035304698, 962.1097035304698, 962.1097035304698, 962.2561515357677, 962.2681780931503, 962.2844669425473, 962.2844669425473, 962.2844669425473, 962.3188033834739, 962.3336106045642, 962.3343292049161, 962.3343292049161, 962.3343292049161, 962.3343292049161, 962.3343292049161], "elite": 0.0, "populationSize": 1000, "generations": 25, "strongest_history": [[450, 450, 600, 950, 1250, 1050, 350, 100, 1, 1], [450, 500, 750, 1150, 1250, 950, 600, 200, 1, 1], [450, 500, 750, 1150, 1250, 950, 600, 200, 1, 1], [500, 450, 550, 1100, 900, 850, 1050, 200, 1, 1], [550, 550, 400, 1300, 850, 1150, 900, 250, 1, 1], [450, 450, 600, 950, 1250, 1150, 400, 200, 1, 1], [650, 450, 500, 1800, 1200, 1100, 900, 250, 1, 1], [450, 500, 750, 1150, 1250, 1100, 1050, 250, 1, 1], [450, 500, 750, 1150, 1250, 1100, 1050, 250, 1, 1], [750, 450, 500, 2000, 1250, 1150, 1050, 250, 1, 1], [700, 450, 600, 950, 1250, 1150, 1050, 250, 1, 1], [450, 450, 400, 1150, 1250, 1150, 1050, 250, 1, 1], [450, 450, 400, 1150, 1250, 1150, 1050, 250, 1, 1], [450, 450, 400, 1150, 1250, 1150, 1050, 250, 1, 1], [550, 450, 550, 950, 1250, 1150, 1050, 250, 1, 1], [600, 450, 500, 1150, 1250, 1150, 1050, 250, 1, 1], [450, 450, 500, 1150, 1250, 1150, 1050, 250, 1, 1], [450, 450, 500, 1150, 1250, 1150, 1050, 250, 1, 1], [450, 450, 500, 1150, 1250, 1150, 1050, 250, 1, 1], [450, 500, 550, 1150, 1250, 1150, 1050, 250, 1, 1], [450, 450, 550, 1150, 1250, 1150, 1050, 250, 1, 1], [550, 450, 550, 1150, 1250, 1150, 1050, 250, 1, 1], [550, 450, 550, 1150, 1250, 1150, 1050, 250, 1, 1], [550, 450, 550, 1150, 1250, 1150, 1050, 250, 1, 1], [550, 450, 550, 1150, 1250, 1150, 1050, 250, 1, 1], [550, 450, 550, 1150, 1250, 1150, 1050, 250, 1, 1]]}