{"mutate": 0.01, "average_fitness_history": [749.2934752835853, 811.6240898549487, 829.6563116026705, 844.1172622354067, 853.5030422467627, 850.9253573141835, 854.3096432546877, 860.675293685486, 861.4462378939277, 858.190793801573, 860.5520821587545, 863.2020843191194, 868.031597525229, 870.7145853177944, 874.748716467806, 866.5377971353408, 868.89736818396, 866.4319439522232, 870.7198678093047, 865.7828376200864, 870.6469280002941, 860.6484435974421, 869.9604641983979, 871.3432020781917, 873.3129894435887, 875.6003329875336], "add_random": 0.2, "strongest_fitness_history": [950.0944381761301, 950.0944381761301, 950.0944381761301, 956.3643698500701, 956.3643698500701, 956.3643698500701, 956.3643698500701, 957.3929217882078, 959.1462473530443, 959.2884849559055, 959.2884849559055, 960.1684374905963, 961.7012012863968, 962.1097141330573, 962.1097141330573, 962.1097141330573, 962.13926457369, 962.13926457369, 962.13926457369, 962.3336212217234, 962.3336212217234, 962.3336212217234, 962.3336212217234, 962.3336212217234, 962.3336212217234, 962.3336212217234], "elite": 0.0, "populationSize": 1000, "generations": 25, "strongest_history": [[600, 650, 400, 2050, 1150, 1100, 750, 250, 1, 1], [600, 650, 400, 2050, 1150, 1100, 750, 250, 1, 1], [600, 650, 400, 2050, 1150, 1100, 750, 250, 1, 1], [450, 400, 400, 900, 1250, 1100, 800, 200, 1, 1], [450, 400, 400, 900, 1250, 1100, 800, 200, 1, 1], [450, 400, 400, 900, 1250, 1100, 800, 200, 1, 1], [450, 400, 400, 900, 1250, 1100, 800, 200, 1, 1], [600, 400, 400, 1600, 1200, 1150, 750, 250, 1, 1], [650, 500, 450, 900, 1250, 1150, 1000, 250, 1, 1], [450, 400, 450, 900, 1250, 1150, 1000, 250, 1, 1], [450, 400, 450, 900, 1250, 1150, 1000, 250, 1, 1], [650, 400, 450, 850, 1200, 1150, 1050, 250, 1, 1], [450, 400, 400, 900, 1250, 1150, 1050, 250, 1, 1], [450, 400, 400, 1150, 1250, 1150, 1050, 250, 1, 1], [450, 400, 400, 1150, 1250, 1150, 1050, 250, 1, 1], [450, 400, 400, 1150, 1250, 1150, 1050, 250, 1, 1], [450, 400, 450, 1150, 1250, 1150, 1050, 250, 1, 1], [450, 400, 450, 1150, 1250, 1150, 1050, 250, 1, 1], [450, 400, 450, 1150, 1250, 1150, 1050, 250, 1, 1], [450, 400, 550, 1150, 1250, 1150, 1050, 250, 1, 1], [450, 400, 750, 1150, 1250, 1150, 1050, 250, 1, 1], [450, 400, 550, 1150, 1250, 1150, 1050, 250, 1, 1], [450, 400, 550, 1150, 1250, 1150, 1050, 250, 1, 1], [450, 400, 550, 1150, 1250, 1150, 1050, 250, 1, 1], [450, 400, 550, 1150, 1250, 1150, 1050, 250, 1, 1], [450, 400, 550, 1150, 1250, 1150, 1050, 250, 1, 1]]}