{"mutate": 0.01, "average_fitness_history": [751.7638933723335, 813.8183778790391, 827.7425711868706, 836.5281598127358, 846.6472515891851, 854.5241012910665, 850.9078561083521, 865.0643102500553, 858.1227561007942, 865.652063793769, 863.576442259979, 864.0798449699429, 863.5737232381251, 865.3033224747694, 862.7415270539909, 869.4592910541294, 866.445512224286, 872.7288091634082, 867.4546375778734, 877.648618225499, 870.5475690879678, 876.487994325475, 870.4874876353203, 868.8374737187337, 866.7093456556877, 868.7918629327729], "add_random": 0.2, "strongest_fitness_history": [944.8601808280868, 944.8601808280868, 947.8783074224842, 947.8783074224842, 948.924247087173, 949.8044314638323, 956.8693736869044, 956.8693736869044, 956.8693736869044, 959.1731145436655, 960.6273793328822, 961.6070820326511, 961.6206359719633, 961.9234429803627, 961.9234429803627, 961.9234429803627, 962.3105432494651, 962.3343332342337, 962.3343332342337, 962.3343332342337, 962.3343332342337, 962.3343332342337, 962.3343332342337, 962.3343332342337, 962.3343332342337, 962.3343332342337], "elite": 0.0, "populationSize": 1000, "generations": 25, "strongest_history": [[550, 450, 900, 1100, 1200, 1150, 300, 250, 1, 1], [550, 450, 900, 1100, 1200, 1150, 300, 250, 1, 1], [450, 400, 650, 750, 1200, 950, 1050, 250, 1, 1], [450, 400, 650, 750, 1200, 950, 1050, 250, 1, 1], [500, 400, 450, 850, 1250, 800, 850, 200, 1, 1], [900, 500, 600, 950, 1250, 1100, 900, 200, 1, 1], [650, 600, 350, 850, 1250, 1150, 950, 250, 1, 1], [650, 600, 350, 850, 1250, 1150, 950, 250, 1, 1], [650, 600, 350, 850, 1250, 1150, 950, 250, 1, 1], [550, 450, 550, 1350, 1250, 1150, 800, 250, 1, 1], [450, 400, 600, 850, 1250, 1150, 1050, 250, 1, 1], [550, 450, 550, 1400, 1250, 1150, 1050, 250, 1, 1], [650, 400, 600, 1000, 1250, 1150, 1050, 250, 1, 1], [550, 400, 600, 1000, 1250, 1150, 1050, 250, 1, 1], [550, 400, 600, 1000, 1250, 1150, 1050, 250, 1, 1], [550, 400, 600, 1000, 1250, 1150, 1050, 250, 1, 1], [450, 400, 550, 1100, 1250, 1150, 1050, 250, 1, 1], [550, 400, 550, 1150, 1250, 1150, 1050, 250, 1, 1], [550, 400, 550, 1150, 1250, 1150, 1050, 250, 1, 1], [1400, 400, 550, 1150, 1250, 1150, 1050, 250, 1, 1], [550, 400, 550, 1150, 1250, 1150, 1050, 250, 1, 1], [550, 400, 550, 1150, 1250, 1150, 1050, 250, 1, 1], [550, 400, 550, 1150, 1250, 1150, 1050, 250, 1, 1], [550, 400, 550, 1150, 1250, 1150, 1050, 250, 1, 1], [550, 400, 550, 1150, 1250, 1150, 1050, 250, 1, 1], [550, 400, 550, 1150, 1250, 1150, 1050, 250, 1, 1]]}