{"mutate": 0.01, "average_fitness_history": [751.7024066296708, 805.4073006999133, 830.2495369892602, 843.9754527979278, 850.1171573295682, 850.5750718710573, 857.4039892844268, 858.1923397064105, 863.9603529650628, 863.3702220644525, 861.16390695366, 866.3975482464926, 868.0610919937609, 875.13108974303, 871.4376046023833, 862.0755089134736, 866.8130327325352, 871.2962335245373, 870.9001081614651, 868.2521717258792, 867.1815754112008, 871.0318686871108, 867.7479092816379, 870.3219285716214, 870.8350169401081, 869.7237495402163], "add_random": 0.2, "strongest_fitness_history": [952.1725703878179, 952.1725703878179, 952.1725703878179, 952.1725703878179, 954.2743607759825, 958.7323550989317, 960.3698673750914, 960.3698673750914, 960.3698673750914, 960.3698673750914, 961.5576133294763, 961.8755972609177, 961.8763052325874, 962.2483300660757, 962.2483300660757, 962.2483300660757, 962.2614456242056, 962.2614456242056, 962.262161267092, 962.3112506320833, 962.3112506320833, 962.3112506320833, 962.3112506320833, 962.3112546635437, 962.3112546635437, 962.3112546635437], "elite": 0.0, "populationSize": 1000, "generations": 25, "strongest_history": [[750, 400, 750, 1300, 1150, 1150, 1050, 250, 1, 1], [750, 400, 750, 1300, 1150, 1150, 1050, 250, 1, 1], [750, 400, 750, 1300, 1150, 1150, 1050, 250, 1, 1], [750, 400, 750, 1300, 1150, 1150, 1050, 250, 1, 1], [650, 550, 750, 1300, 1150, 1150, 1050, 250, 1, 1], [550, 550, 550, 900, 1150, 1150, 1050, 250, 1, 1], [650, 500, 500, 1100, 1250, 1100, 1050, 250, 1, 1], [650, 500, 500, 1100, 1250, 1100, 1050, 250, 1, 1], [650, 500, 500, 1100, 1250, 1100, 1050, 250, 1, 1], [650, 500, 500, 1100, 1250, 1100, 1050, 250, 1, 1], [550, 550, 500, 1250, 1250, 1150, 1050, 250, 1, 1], [450, 450, 500, 900, 1250, 1150, 1050, 250, 1, 1], [550, 1400, 500, 900, 1250, 1150, 1050, 250, 1, 1], [550, 500, 500, 1100, 1250, 1150, 1050, 250, 1, 1], [550, 500, 500, 1100, 1250, 1150, 1050, 250, 1, 1], [550, 500, 500, 1100, 1250, 1150, 1050, 250, 1, 1], [450, 450, 500, 1100, 1250, 1150, 1050, 250, 1, 1], [450, 450, 500, 1100, 1250, 1150, 1050, 250, 1, 1], [550, 450, 500, 1100, 1250, 1150, 1050, 250, 1, 1], [550, 450, 550, 1050, 1250, 1150, 1050, 250, 1, 1], [550, 450, 550, 1050, 1250, 1150, 1050, 250, 1, 1], [550, 450, 550, 1100, 1250, 1150, 1050, 250, 1, 1], [550, 450, 550, 1100, 1250, 1150, 1050, 250, 1, 1], [550, 400, 550, 1050, 1250, 1150, 1050, 250, 1, 1], [550, 400, 550, 1050, 1250, 1150, 1050, 250, 1, 1], [550, 400, 550, 1050, 1250, 1150, 1050, 250, 1, 1]]}