{"mutate": 0.01, "average_fitness_history": [750.5991929465331, 816.1905968297193, 837.1982188498773, 841.022999078276, 847.9708309690943, 854.4684350425267, 858.8055438891494, 853.2079324026553, 860.8763314286556, 866.1986226892435, 860.6615148647824, 863.2195924004707, 863.1468428412152, 868.4993306564219, 866.7502285184786, 862.902472346219, 868.3812375014309, 865.8132304023644, 868.2773040946594, 869.9022345245273, 867.5524899265046, 867.5737779636352, 872.3309933004449, 868.4793419056116, 868.1901335757946, 863.0732821146469], "add_random": 0.2, "strongest_fitness_history": [945.3542327436841, 945.3542327436841, 946.1116542307059, 954.1696292956597, 954.1696292956597, 954.1696292956597, 954.2461264491777, 958.0777456066111, 958.0777456066111, 959.8019103070628, 960.2913614403855, 960.2870910559893, 960.2870910559893, 961.5683887808628, 961.8774021951019, 962.2466760937034, 962.2483300660757, 962.2483300660757, 962.2614588885098, 962.2614588885098, 962.2614588885098, 962.2614588885098, 962.2614588885098, 962.2621652970419, 962.2621652970419, 962.2621652970419], "elite": 0.0, "populationSize": 1000, "generations": 25, "strongest_history": [[500, 500, 500, 1050, 1050, 1050, 950, 250, 1, 1], [500, 500, 500, 1050, 1050, 1050, 950, 250, 1, 1], [550, 550, 350, 850, 1250, 750, 1000, 150, 1, 1], [700, 550, 1050, 1200, 1150, 1150, 900, 250, 1, 1], [700, 550, 650, 1200, 1150, 1150, 900, 250, 1, 1], [700, 550, 1050, 1200, 1150, 1150, 900, 250, 1, 1], [550, 550, 350, 850, 1250, 1150, 800, 150, 1, 1], [550, 550, 350, 850, 1250, 1150, 1000, 250, 1, 1], [550, 550, 350, 850, 1250, 1150, 1000, 250, 1, 1], [500, 500, 500, 1050, 1250, 1150, 950, 250, 1, 1], [600, 500, 350, 1300, 1250, 1150, 1050, 200, 1, 1], [600, 500, 350, 1300, 1250, 1150, 1050, 200, 1, 1], [600, 500, 350, 1300, 1250, 1150, 1050, 200, 1, 1], [500, 500, 350, 1300, 1250, 1150, 1050, 250, 1, 1], [550, 550, 500, 1050, 1250, 1150, 1050, 250, 1, 1], [500, 500, 500, 1050, 1250, 1150, 1050, 250, 1, 1], [550, 500, 500, 1050, 1250, 1150, 1050, 250, 1, 1], [550, 500, 500, 1050, 1250, 1150, 1050, 250, 1, 1], [500, 400, 500, 1050, 1250, 1150, 1050, 250, 1, 1], [500, 400, 500, 1050, 1250, 1150, 1050, 250, 1, 1], [500, 400, 500, 1050, 1250, 1150, 1050, 250, 1, 1], [500, 400, 1900, 1050, 1250, 1150, 1050, 250, 1, 1], [500, 400, 500, 1050, 1250, 1150, 1050, 250, 1, 1], [550, 400, 500, 1050, 1250, 1150, 1050, 250, 1, 1], [550, 400, 500, 1050, 1250, 1150, 1050, 250, 1, 1], [550, 400, 500, 1050, 1250, 1150, 1050, 250, 1, 1]]}