{"mutate": 0.01, "average_fitness_history": [751.3243323196126, 812.3887667352119, 830.3212276031644, 833.9882673004562, 851.3540643773662, 855.5206925698934, 858.0108310385141, 857.7579417082139, 864.1447352272743, 864.6810534513855, 867.0240314867805, 869.4990366578982, 865.4377422359132, 860.1019612904643, 866.4989618947169, 863.2672009749716, 870.2065008123981, 873.53114851772, 866.1522364166601, 868.2465324067805, 872.4038960701495, 870.7960806792607, 865.5502432776165, 868.2689714780921, 869.3298604214352, 867.1606924321607], "add_random": 0.2, "strongest_fitness_history": [949.2603811925242, 949.2603811925242, 949.5642029239472, 949.5642029239472, 953.439440489205, 955.6683906277412, 955.6683906277412, 959.327065607413, 960.3256110815208, 960.3256110815208, 961.7154298655481, 961.9809698957682, 961.9809698957682, 961.9809698957682, 962.2508181775298, 962.2639467575244, 962.3130617166192, 962.3130617166192, 962.3130617166192, 962.3130617166192, 962.3130617166192, 962.3137734716631, 962.3137734716631, 962.3137734716631, 962.3137734716631, 962.3137734716631], "elite": 0.0, "populationSize": 1000, "generations": 25, "strongest_history": [[550, 600, 600, 1200, 1250, 1150, 500, 100, 1, 1], [550, 600, 600, 1200, 1250, 1150, 500, 100, 1, 1], [650, 400, 700, 2000, 1200, 1150, 650, 100, 1, 1], [650, 400, 700, 2000, 1200, 1150, 650, 100, 1, 1], [700, 500, 700, 2000, 1200, 1150, 600, 250, 1, 1], [650, 450, 400, 1800, 1150, 1150, 1050, 200, 1, 1], [650, 450, 400, 1800, 1150, 1150, 1050, 200, 1, 1], [550, 450, 400, 2000, 1200, 1150, 1050, 250, 1, 1], [750, 500, 500, 1000, 1200, 1150, 1050, 250, 1, 1], [750, 500, 500, 1000, 1200, 1150, 1050, 250, 1, 1], [550, 500, 500, 1000, 1200, 1150, 1050, 250, 1, 1], [550, 450, 600, 1200, 1250, 1150, 1050, 250, 1, 1], [550, 450, 600, 1200, 1250, 1150, 1050, 250, 1, 1], [550, 450, 600, 1200, 1250, 1150, 1050, 250, 1, 1], [550, 500, 500, 1200, 1250, 1150, 1050, 250, 1, 1], [500, 450, 500, 1200, 1250, 1150, 1050, 250, 1, 1], [450, 400, 550, 1200, 1250, 1150, 1050, 250, 1, 1], [450, 400, 550, 1200, 1250, 250, 1050, 250, 1, 1], [450, 400, 550, 1200, 1250, 1150, 1050, 250, 1, 1], [450, 400, 550, 1200, 1250, 1150, 1050, 250, 1, 1], [450, 400, 550, 1200, 1250, 1150, 1050, 250, 1, 1], [550, 400, 550, 1200, 1250, 1150, 1050, 250, 1, 1], [550, 400, 550, 1200, 1250, 1150, 1050, 250, 1, 1], [550, 400, 550, 1200, 1250, 1150, 1050, 250, 1, 1], [550, 400, 550, 1200, 1250, 1150, 1050, 250, 1, 1], [550, 400, 550, 1200, 1250, 1150, 1050, 250, 1, 1]]}