{"mutate": 0.01, "average_fitness_history": [753.7489219652399, 814.3510746451504, 826.9181622831442, 837.5264070993563, 841.3158700740128, 848.1227792075093, 850.8481416501158, 852.6180592144326, 848.5319304597441, 856.0496482086861, 862.322844246849, 866.1232367005679, 859.6975809540008, 864.1894956387322, 869.6871395113642, 861.2606681088025, 867.6932944251588, 874.3735006822732, 872.7360176987851, 871.6528319607189, 867.8862070561559, 870.5832852360248, 866.282086042145, 873.0967344454797, 863.4694304247917, 861.8721264625293], "add_random": 0.2, "strongest_fitness_history": [937.7844339306725, 944.5731951672464, 944.5731951672464, 945.840834929113, 950.6433079387763, 950.685324421095, 954.7081585733503, 954.7081585733503, 958.2000252945969, 958.2000252945969, 958.2594213739959, 959.6825156484439, 959.7004190967276, 960.0368853417993, 961.2929973460514, 961.2929973460514, 961.3119519771611, 961.3119519771611, 961.4320628781479, 961.4320628781479, 961.4320628781479, 961.4661902069702, 961.4661902069702, 961.8184762787762, 961.8184762787762, 961.8184762787762], "elite": 0.0, "populationSize": 1000, "generations": 25, "strongest_history": [[550, 400, 750, 750, 1200, 850, 700, 100, 1, 1], [500, 750, 550, 1300, 1200, 1150, 600, 150, 1, 1], [500, 750, 550, 1300, 1200, 1150, 600, 150, 1, 1], [600, 500, 700, 2000, 950, 1100, 800, 200, 1, 1], [1050, 550, 350, 1300, 1200, 1150, 600, 150, 1, 1], [700, 600, 550, 1300, 1200, 1150, 600, 150, 1, 1], [450, 500, 550, 1300, 1200, 1150, 600, 150, 1, 1], [450, 500, 550, 1300, 1200, 1150, 600, 150, 1, 1], [600, 500, 600, 1300, 1200, 1150, 600, 250, 1, 1], [600, 500, 600, 1300, 1200, 1150, 600, 250, 1, 1], [650, 400, 450, 1300, 1200, 1150, 550, 250, 1, 1], [600, 500, 600, 1300, 1200, 1150, 1050, 200, 1, 1], [450, 500, 600, 1300, 1200, 1150, 1050, 200, 1, 1], [550, 500, 550, 1300, 1200, 1150, 1050, 200, 1, 1], [600, 500, 550, 1300, 1200, 1150, 1050, 250, 1, 1], [600, 500, 550, 1300, 1200, 1150, 1050, 250, 1, 1], [550, 500, 550, 1300, 1200, 1150, 1050, 250, 1, 1], [550, 500, 550, 1300, 1200, 1150, 1050, 250, 1, 1], [550, 500, 550, 900, 1200, 1150, 1050, 250, 1, 1], [550, 500, 550, 900, 1200, 1150, 1050, 250, 1, 1], [550, 500, 550, 900, 1200, 1150, 1050, 250, 1, 1], [600, 500, 600, 1050, 1200, 1150, 1050, 250, 1, 1], [600, 500, 600, 1050, 1200, 1150, 1050, 250, 1, 1], [550, 500, 550, 1050, 1200, 1150, 1050, 250, 1, 1], [550, 500, 550, 1050, 1200, 1150, 1050, 250, 1, 1], [550, 500, 550, 1050, 1200, 1150, 1050, 250, 1, 1]]}