{"mutate": 0.01, "average_fitness_history": [745.2125017038148, 821.08939973506, 836.086486737919, 835.170205652936, 841.3179622801083, 852.0733292647991, 857.1938503319092, 858.8528212853269, 861.2229993123871, 857.6633063803256, 861.3265703588133, 859.06045443032, 863.715891898053, 865.2369600153459, 866.7014381827453, 868.8368701850435, 864.423288721812, 868.3514749966005, 871.1056702883362, 866.7998597113414, 867.2851274331533, 862.0232352353676, 867.756294249622, 869.889956763412, 868.5790090802113, 868.1426812814884], "add_random": 0.2, "strongest_fitness_history": [925.208273714621, 939.4077994106076, 947.9537675279462, 947.9537675279462, 952.3908682635777, 955.9494278674225, 955.9494278674225, 957.5485276542875, 957.5485276542875, 958.634410135041, 959.1675519016361, 959.1675519016361, 959.3273621472022, 959.3273621472022, 959.346900573365, 959.346900573365, 959.3856788191617, 960.4831670656707, 960.4831670656707, 961.7643533918028, 961.7643533918028, 961.7798885200034, 961.9777670212462, 961.9777670212462, 961.9777670212462, 961.9777670212462], "elite": 0.0, "populationSize": 1000, "generations": 25, "strongest_history": [[550, 900, 350, 1850, 1150, 700, 950, 200, 1, 1], [700, 500, 550, 1700, 1200, 1050, 650, 100, 1, 1], [600, 400, 450, 1300, 950, 1100, 500, 250, 1, 1], [600, 400, 450, 1300, 950, 1100, 500, 250, 1, 1], [600, 500, 550, 1950, 1250, 1150, 900, 100, 1, 1], [600, 500, 550, 1950, 1250, 1100, 700, 250, 1, 1], [600, 500, 550, 1950, 1250, 1100, 700, 250, 1, 1], [600, 500, 550, 1950, 1250, 1150, 900, 250, 1, 1], [600, 500, 550, 1950, 1250, 1150, 900, 250, 1, 1], [550, 550, 600, 1300, 1250, 1150, 900, 250, 1, 1], [600, 400, 450, 1300, 1250, 1150, 800, 250, 1, 1], [600, 400, 450, 1300, 1250, 1150, 800, 250, 1, 1], [600, 500, 550, 1300, 1250, 1150, 900, 250, 1, 1], [600, 500, 550, 1300, 1250, 1150, 900, 250, 1, 1], [550, 500, 550, 1300, 1250, 1150, 800, 250, 1, 1], [550, 500, 550, 1300, 1250, 1150, 900, 250, 1, 1], [600, 500, 550, 1050, 1200, 1150, 800, 250, 1, 1], [600, 500, 550, 1300, 1250, 1150, 1050, 200, 1, 1], [600, 500, 550, 1300, 1250, 1150, 1050, 200, 1, 1], [600, 500, 550, 1300, 1250, 1150, 1050, 250, 1, 1], [600, 500, 550, 1300, 1250, 1150, 1050, 250, 1, 1], [600, 400, 550, 1300, 1250, 1150, 1050, 250, 1, 1], [550, 500, 550, 1250, 1250, 1150, 1050, 250, 1, 1], [550, 500, 550, 1250, 1250, 1150, 1050, 250, 1, 1], [550, 500, 550, 1250, 1250, 1150, 1050, 250, 1, 1], [550, 500, 550, 1250, 1250, 1150, 1050, 250, 1, 1]]}