{"mutate": 0.01, "average_fitness_history": [749.996686223502, 810.3540611083849, 828.1098599914445, 840.3258476671767, 841.4442092648446, 843.9991672130718, 858.4015927446801, 862.3448920987124, 862.5250980587604, 861.0006594903896, 867.5020972835156, 862.7771558543235, 866.5193873034191, 866.9531364116228, 865.5080819317569, 874.5612614034762, 868.5109303969366, 871.8489813238754, 865.0138301303524, 867.8987202217069, 870.8230619829641, 877.1448071358573, 869.067817016313, 865.7814190187213, 868.944476891834, 865.2493375373652], "add_random": 0.2, "strongest_fitness_history": [944.4325141113122, 944.4325141113122, 944.4325141113122, 948.0505462310557, 948.3061384936367, 951.1836220818789, 958.8351783389423, 958.8351828442654, 958.8351828442654, 958.952479196902, 959.5888054742919, 961.2726968638312, 961.4135029135442, 961.4135029135442, 961.4141956522615, 962.0317695871062, 962.0317717828298, 962.0318144775875, 962.0613454019548, 962.0613454019548, 962.2071803236058, 962.2071803236058, 962.2071803236058, 962.2071803236058, 962.2071803236058, 962.2071803236058], "elite": 0.0, "populationSize": 1000, "generations": 25, "strongest_history": [[550, 400, 350, 950, 1100, 1100, 500, 150, 1, 1], [550, 400, 350, 950, 1100, 1100, 500, 150, 1, 1], [550, 400, 350, 950, 1100, 1100, 500, 150, 1, 1], [500, 500, 650, 1300, 1200, 700, 900, 250, 1, 1], [500, 500, 650, 1300, 1200, 950, 850, 200, 1, 1], [550, 400, 350, 950, 1100, 1100, 800, 250, 1, 1], [550, 450, 600, 1400, 1250, 1150, 700, 250, 1, 1], [550, 400, 600, 1400, 1250, 1150, 700, 250, 1, 1], [550, 400, 600, 1400, 1250, 1150, 700, 250, 1, 1], [600, 400, 350, 1400, 1250, 1150, 650, 250, 1, 1], [550, 400, 350, 950, 1250, 1150, 650, 250, 1, 1], [550, 450, 600, 1400, 1250, 1150, 1050, 250, 1, 1], [500, 450, 450, 1400, 1250, 1150, 1050, 250, 1, 1], [500, 450, 450, 1400, 1250, 1150, 1050, 250, 1, 1], [550, 450, 450, 1400, 1250, 1150, 1050, 250, 1, 1], [550, 450, 350, 950, 1250, 1150, 1050, 250, 1, 1], [550, 400, 350, 950, 1250, 1150, 1050, 250, 1, 1], [500, 400, 400, 950, 1250, 1150, 1050, 250, 1, 1], [500, 450, 450, 950, 1250, 1150, 1050, 250, 1, 1], [500, 450, 450, 950, 1250, 1150, 1050, 250, 1, 1], [550, 400, 500, 1650, 1250, 1150, 1050, 250, 1, 1], [550, 400, 500, 950, 1250, 1150, 1050, 250, 1, 1], [550, 400, 500, 950, 1250, 1150, 1050, 250, 1, 1], [550, 400, 500, 950, 1250, 1150, 1050, 250, 1, 1], [550, 400, 500, 950, 1250, 1150, 1050, 250, 1, 1], [550, 400, 500, 950, 1250, 1150, 1050, 250, 1, 1]]}