{"mutate": 0.01, "average_fitness_history": [749.0147904578594, 806.2829959940525, 826.3123409721385, 840.7470388623058, 849.6835428611622, 852.8508353216728, 856.4406927750969, 864.2007894064857, 866.4830890163848, 853.5838307824097, 867.9301811226925, 864.5061038990135, 869.0451228848756, 861.7050566040939, 861.8868096615744, 871.0262442520867, 873.7108654549158, 865.9522431001296, 869.2931432688664, 863.8619845055732, 864.240225200653, 865.8482810535469, 869.3362643986823, 872.5827208058237, 871.9858709062662, 865.9675616883611], "add_random": 0.2, "strongest_fitness_history": [944.6870245822918, 948.5224909833274, 948.5224909833274, 948.5224909833274, 950.9085887206619, 954.8719122870217, 958.4337630271492, 958.5578993349754, 959.2882141049048, 959.788436914161, 959.7887473662271, 961.4834545828021, 961.4834545828021, 961.7687222681546, 961.8637669396509, 961.9630325300234, 962.2466682621846, 962.2466682621846, 962.2466682621846, 962.2466682621846, 962.2466760937034, 962.269687151474, 962.269694986059, 962.2844747776771, 962.2844747776771, 962.2844747776771], "elite": 0.0, "populationSize": 1000, "generations": 25, "strongest_history": [[800, 550, 400, 1150, 1200, 950, 800, 150, 1, 1], [800, 550, 400, 1150, 1200, 950, 800, 250, 1, 1], [800, 550, 400, 1150, 1200, 950, 800, 250, 1, 1], [800, 550, 400, 1150, 1200, 950, 800, 250, 1, 1], [500, 550, 400, 1150, 1200, 950, 650, 250, 1, 1], [500, 450, 800, 1050, 1200, 1100, 1050, 250, 1, 1], [750, 550, 350, 1100, 1200, 1100, 1050, 250, 1, 1], [800, 550, 400, 1300, 1200, 1150, 1050, 250, 1, 1], [550, 550, 500, 1300, 1200, 1100, 1050, 250, 1, 1], [500, 550, 400, 1150, 1200, 1100, 1050, 250, 1, 1], [550, 550, 400, 1150, 1200, 1100, 1050, 250, 1, 1], [450, 500, 600, 1100, 1200, 1150, 1050, 250, 1, 1], [450, 500, 600, 1100, 1200, 1150, 1050, 250, 1, 1], [450, 500, 500, 1100, 1200, 1150, 1050, 250, 1, 1], [500, 550, 350, 1100, 1250, 1150, 1050, 250, 1, 1], [450, 500, 600, 1100, 1250, 1150, 1050, 250, 1, 1], [450, 500, 500, 1050, 1250, 1150, 1050, 250, 1, 1], [450, 500, 500, 1100, 1250, 1150, 1050, 250, 1, 1], [450, 500, 500, 1100, 1250, 1150, 1050, 250, 1, 1], [450, 500, 500, 1100, 1250, 1150, 1050, 250, 1, 1], [500, 500, 500, 1050, 1250, 1150, 1050, 250, 1, 1], [450, 500, 500, 1150, 1250, 1150, 1050, 250, 1, 1], [500, 500, 500, 1150, 1250, 1150, 1050, 250, 1, 1], [500, 450, 500, 1150, 1250, 1150, 1050, 250, 1, 1], [500, 450, 500, 1150, 1250, 1150, 1050, 250, 1, 1], [500, 450, 500, 1150, 1250, 1150, 1050, 250, 1, 1]]}