{"mutate": 0.01, "average_fitness_history": [755.1917943228918, 807.594705410804, 823.8217617379775, 840.1397671820754, 842.8639965009485, 851.5626799369383, 851.6177887988105, 855.196258175749, 858.7123821911861, 856.2184322583128, 856.4830233078914, 852.9657694036036, 862.8710665797665, 866.1392663429621, 856.1321579402263, 867.0298594366892, 865.0219308983403, 869.8255879005942, 865.5122162065736, 871.9309632674937, 864.5383367366777, 867.7359269471676, 870.6116081612282, 872.4809181468304, 866.1306241353899, 875.4694924714732], "add_random": 0.2, "strongest_fitness_history": [932.164382181143, 944.9572054503908, 946.583885797685, 950.0538663981177, 950.0538663981177, 952.2421413903654, 952.2421413903654, 954.1441483884711, 954.1441483884711, 957.0875535313168, 959.1821229901914, 959.1821229901914, 960.2258415233955, 961.8088327758456, 961.8091612959407, 961.8091612959407, 961.8091612959407, 961.9069417088132, 961.9069417088132, 961.9069417088132, 962.0270349094075, 962.0270349094075, 962.0317717828298, 962.0317717828298, 962.0317717828298, 962.0819691412964], "elite": 0.0, "populationSize": 1000, "generations": 25, "strongest_history": [[550, 550, 850, 900, 1000, 1050, 600, 150, 1, 1], [700, 550, 350, 950, 950, 900, 600, 100, 1, 1], [700, 550, 350, 950, 950, 1100, 900, 150, 1, 1], [700, 550, 350, 950, 950, 1100, 600, 250, 1, 1], [700, 550, 350, 950, 950, 1100, 600, 250, 1, 1], [700, 550, 350, 950, 1200, 1100, 400, 200, 1, 1], [700, 550, 350, 950, 1200, 1100, 400, 200, 1, 1], [450, 650, 350, 1300, 1250, 1100, 600, 250, 1, 1], [450, 650, 350, 1300, 1250, 1100, 600, 250, 1, 1], [600, 400, 600, 950, 1200, 1100, 600, 250, 1, 1], [700, 550, 350, 950, 1200, 1100, 1050, 250, 1, 1], [700, 550, 350, 950, 1200, 1100, 1050, 250, 1, 1], [650, 500, 350, 950, 1250, 1100, 1050, 250, 1, 1], [450, 550, 350, 950, 1250, 1150, 1050, 250, 1, 1], [550, 550, 350, 950, 1250, 1150, 1050, 250, 1, 1], [550, 550, 350, 950, 1250, 1150, 1050, 250, 1, 1], [550, 550, 350, 950, 1250, 1150, 1050, 250, 1, 1], [650, 500, 350, 950, 1250, 1150, 1050, 250, 1, 1], [650, 500, 350, 950, 1250, 1150, 1050, 250, 1, 1], [650, 500, 350, 950, 1250, 1150, 1050, 250, 1, 1], [550, 500, 350, 950, 1250, 1150, 1050, 250, 1, 1], [550, 500, 350, 950, 1250, 1150, 1050, 250, 1, 1], [550, 400, 350, 950, 1250, 1150, 1050, 250, 1, 1], [550, 400, 350, 950, 1250, 1150, 1050, 250, 1, 1], [550, 400, 350, 950, 1250, 1150, 1050, 250, 1, 1], [550, 500, 350, 1100, 1250, 1150, 1050, 250, 1, 1]]}