{"mutate": 0.01, "average_fitness_history": [748.1261055311012, 810.2905410547278, 824.7127564396436, 837.6493493844557, 847.9915239505783, 842.8872417455617, 857.426054747703, 857.3631250123841, 858.1403774566143, 863.6784185219107, 860.2635788402063, 864.2294332535972, 860.7891245146985, 866.6586080988975, 864.8928963253093, 862.3601442611254, 865.5405657275995, 867.5623657125274, 866.2671253385805, 865.1629164308384, 867.2452484564162, 867.9678701571283, 867.5479226722928, 865.8604858107224, 874.550087261755, 862.3662377330633], "add_random": 0.2, "strongest_fitness_history": [939.7146823016175, 939.7146823016175, 947.3721987794817, 947.3721987794817, 947.3721987794817, 956.5361796547808, 956.5361796547808, 956.5361796547808, 956.5361796547808, 958.7140857147806, 958.7140857147806, 958.7140857147806, 961.924110665439, 961.924110665439, 961.924110665439, 961.924110665439, 962.1747209556962, 962.1933430341669, 962.1933430341669, 962.2297223522903, 962.2973951343207, 962.2973951343207, 962.2973951343207, 962.2973951343207, 962.2973951343207, 962.2973951343207], "elite": 0.0, "populationSize": 1000, "generations": 25, "strongest_history": [[800, 650, 550, 1900, 1200, 900, 1050, 200, 1, 1], [800, 650, 550, 1900, 1200, 900, 1050, 200, 1, 1], [2050, 500, 500, 950, 1150, 1000, 650, 200, 1, 1], [2050, 500, 500, 950, 1150, 1000, 650, 200, 1, 1], [2050, 500, 500, 950, 1150, 1000, 650, 200, 1, 1], [600, 500, 650, 1050, 1200, 1100, 1000, 250, 1, 1], [600, 500, 650, 1050, 1200, 1100, 1000, 250, 1, 1], [600, 500, 650, 1050, 1200, 1100, 1000, 250, 1, 1], [600, 500, 650, 1050, 1200, 1100, 1000, 250, 1, 1], [500, 500, 400, 1100, 1200, 1100, 1050, 200, 1, 1], [500, 500, 400, 1100, 1200, 1100, 1050, 200, 1, 1], [500, 500, 400, 1100, 1200, 1100, 1050, 200, 1, 1], [450, 550, 550, 1100, 1250, 1150, 1050, 250, 1, 1], [450, 550, 550, 1100, 1250, 1150, 1050, 250, 1, 1], [450, 550, 550, 1100, 1250, 1150, 1050, 250, 1, 1], [450, 550, 550, 1100, 1250, 1150, 1050, 250, 1, 1], [600, 500, 500, 950, 1250, 1150, 1050, 250, 1, 1], [550, 500, 500, 950, 1250, 1150, 1050, 250, 1, 1], [550, 500, 500, 950, 1250, 1150, 1050, 250, 1, 1], [600, 500, 500, 1100, 1250, 1150, 1050, 250, 1, 1], [550, 500, 550, 1050, 1250, 1150, 1050, 250, 1, 1], [550, 500, 550, 1050, 1250, 1150, 1050, 250, 1, 1], [550, 500, 550, 1050, 1250, 1150, 1050, 250, 1, 1], [550, 500, 550, 1100, 1250, 1150, 1050, 250, 1, 1], [550, 500, 550, 1100, 1250, 1150, 1050, 250, 1, 1], [550, 500, 550, 1100, 1250, 1150, 1050, 250, 1, 1]]}