{"mutate": 0.01, "average_fitness_history": [754.8209521174692, 817.207087513001, 832.962397116733, 832.9992318642074, 850.0082233026126, 855.4326060072467, 855.7158726197018, 858.6590060170266, 862.1056315340829, 860.9969735843372, 861.3086166891545, 869.0922251870505, 872.1087894821304, 869.5797857735713, 869.7093374665452, 868.0750479507027, 869.4092926053436, 873.7743037226575, 872.7180290758233, 869.1919613844351, 868.7547070095878, 873.0200129706519, 871.0092370462197, 870.871304972445, 879.2434104991114, 867.6957150369892], "add_random": 0.2, "strongest_fitness_history": [938.2813306238456, 939.0168335936877, 952.6658026056033, 952.6658026056033, 952.6658026056033, 958.0236550262074, 958.0236550262074, 959.3773342147126, 959.3773342147126, 959.3773342147126, 959.3773342147126, 961.5837375483543, 961.5837375483543, 961.5837375483543, 961.5837375483543, 961.5837375483543, 961.7865200993701, 961.9370953991034, 962.0613481886941, 962.24764106207, 962.24764106207, 962.263949524167, 962.263949524167, 962.264654906724, 962.264654906724, 962.264654906724], "elite": 0.0, "populationSize": 1000, "generations": 25, "strongest_history": [[1150, 400, 450, 950, 1200, 1100, 750, 250, 1, 1], [600, 550, 500, 1900, 1000, 950, 750, 150, 1, 1], [850, 500, 350, 1300, 1250, 1100, 900, 200, 1, 1], [850, 500, 350, 1300, 1250, 1100, 900, 200, 1, 1], [850, 500, 350, 1300, 1250, 1100, 900, 200, 1, 1], [700, 500, 550, 1250, 1200, 1150, 700, 250, 1, 1], [700, 500, 550, 1250, 1200, 1150, 700, 250, 1, 1], [550, 450, 500, 1200, 1200, 1150, 700, 250, 1, 1], [550, 450, 500, 1200, 1200, 1150, 700, 250, 1, 1], [550, 450, 500, 1200, 1200, 1150, 700, 250, 1, 1], [550, 450, 500, 1200, 1200, 1150, 700, 250, 1, 1], [450, 400, 450, 950, 1200, 1150, 1050, 250, 1, 1], [450, 400, 450, 950, 1200, 1150, 1050, 250, 1, 1], [450, 400, 450, 950, 1200, 1150, 1050, 250, 1, 1], [450, 400, 450, 950, 1200, 1150, 1050, 250, 1, 1], [450, 400, 450, 950, 1200, 1150, 1050, 250, 1, 1], [550, 450, 500, 1200, 1200, 1150, 1050, 250, 1, 1], [650, 400, 450, 950, 1250, 1150, 1050, 250, 1, 1], [450, 400, 450, 950, 1250, 1150, 1050, 250, 1, 1], [2750, 450, 500, 1200, 1250, 1150, 1050, 250, 1, 1], [600, 450, 500, 1200, 1250, 1150, 1050, 250, 1, 1], [450, 400, 500, 1200, 1250, 1150, 1050, 250, 1, 1], [450, 400, 500, 1200, 1250, 1150, 1050, 250, 1, 1], [550, 450, 500, 1200, 1250, 1150, 1050, 250, 1, 1], [550, 450, 500, 1200, 1250, 1150, 1050, 250, 1, 1], [550, 450, 500, 1200, 1250, 1150, 1050, 250, 1, 1]]}