{"mutate": 0.01, "average_fitness_history": [747.8735848906381, 810.4430642894465, 828.3761449727774, 836.8010482756569, 848.4886513892817, 848.7951910542431, 847.1206623575067, 855.2802298031323, 854.5953563688404, 861.7915604266874, 867.1906238586013, 859.391564139616, 864.3491312550015, 865.4438373004311, 864.8777180869116, 865.7388403781, 870.9559165871424, 869.9867022554519, 862.7253438518195, 866.8265820624339, 875.4245181805456, 866.8696533790828, 872.963311747077, 873.336367135753, 869.5857779862189, 863.545184217376], "add_random": 0.2, "strongest_fitness_history": [951.3629674222019, 951.3629674222019, 951.3629674222019, 952.0972244162705, 954.9944784795268, 954.9944784795268, 954.9944784795268, 958.3410320080036, 958.3410320080036, 958.6940860881078, 959.2259947614185, 959.2259947614185, 959.2259947614185, 960.2965524064605, 961.1124215634169, 961.8323611375025, 961.8323611375025, 961.8323611375025, 961.8323652318367, 962.1187096157377, 962.3137694388748, 962.3137694388748, 962.3137694388748, 962.3137694388748, 962.3137694388748, 962.3137694388748], "elite": 0.0, "populationSize": 1000, "generations": 25, "strongest_history": [[550, 550, 1350, 1050, 1200, 1150, 300, 250, 1, 1], [550, 550, 1350, 1050, 1200, 1150, 300, 250, 1, 1], [550, 550, 1350, 1050, 1200, 1150, 300, 250, 1, 1], [550, 550, 750, 1050, 1200, 1150, 450, 250, 1, 1], [550, 550, 1350, 1050, 1200, 1150, 300, 250, 1, 1], [550, 550, 600, 1050, 1200, 1150, 300, 250, 1, 1], [550, 550, 1350, 1050, 1200, 1150, 300, 250, 1, 1], [550, 550, 600, 1050, 1200, 1150, 550, 250, 1, 1], [550, 550, 600, 1050, 1200, 1150, 550, 250, 1, 1], [550, 550, 600, 1050, 1200, 1150, 650, 250, 1, 1], [600, 400, 450, 1050, 1200, 1150, 650, 250, 1, 1], [600, 400, 450, 1050, 1200, 1150, 650, 250, 1, 1], [600, 400, 450, 1050, 1200, 1150, 900, 250, 1, 1], [700, 550, 550, 1050, 1200, 1150, 1050, 250, 1, 1], [550, 550, 600, 1050, 1200, 1150, 1050, 250, 1, 1], [550, 450, 550, 1050, 1200, 1150, 1050, 250, 1, 1], [1850, 450, 550, 1050, 1200, 1150, 1050, 250, 1, 1], [550, 450, 550, 1050, 1200, 1150, 1050, 250, 1, 1], [550, 400, 550, 1050, 1200, 1150, 1050, 250, 1, 1], [450, 450, 450, 1200, 1250, 1150, 1050, 250, 1, 1], [550, 450, 550, 1200, 1250, 1150, 1050, 250, 1, 1], [550, 450, 550, 1200, 1250, 1150, 1050, 250, 1, 1], [550, 450, 550, 1200, 1250, 1150, 1050, 250, 1, 1], [550, 450, 550, 1200, 1250, 1150, 1050, 250, 1, 1], [550, 450, 550, 1200, 1250, 1150, 1050, 250, 1, 1], [550, 450, 550, 1200, 1250, 1150, 1050, 250, 1, 1]]}