{"mutate": 0.01, "average_fitness_history": [748.9885777083164, 814.6412333723353, 838.28504380485, 840.1548580102766, 844.6872010350676, 850.7437026442894, 853.1096973557104, 856.7160434964708, 852.657277598397, 856.4838031221968, 857.1793592514097, 865.8497681257493, 858.6062585324091, 858.2122989996201, 868.9743814872899, 863.0452569081573, 868.0320698766228, 869.0904692224213, 873.0176100870486, 869.4968461806344, 871.2105541925265, 869.424001716077, 867.8544631292574, 875.6468946289962, 873.7444738108895, 873.8375902540141], "add_random": 0.2, "strongest_fitness_history": [935.6031514053002, 939.5448374617874, 942.5838674051436, 952.3725967277618, 952.3725967277618, 952.3725967277618, 953.6315920765661, 955.8942893667064, 955.8942893667064, 956.2061769250088, 959.9121821069284, 961.0982549865831, 961.4471036408729, 961.4471036408729, 961.4471036408729, 961.4471036408729, 961.8191454578568, 961.8207920550509, 961.9264715331541, 961.9264715331541, 961.9471174213469, 961.9471174213469, 962.2982403105487, 962.2999083935628, 962.2999083935628, 962.313051096304], "elite": 0.0, "populationSize": 1000, "generations": 25, "strongest_history": [[750, 500, 600, 650, 800, 900, 1050, 250, 1, 1], [500, 600, 750, 1550, 1100, 1150, 550, 100, 1, 1], [800, 550, 450, 700, 900, 1100, 550, 250, 1, 1], [450, 500, 450, 1300, 900, 1150, 900, 250, 1, 1], [450, 500, 450, 1300, 900, 1150, 900, 250, 1, 1], [450, 500, 450, 1300, 900, 1150, 1000, 250, 1, 1], [700, 500, 600, 900, 1200, 1150, 750, 150, 1, 1], [550, 500, 350, 700, 1200, 1150, 1050, 250, 1, 1], [550, 500, 350, 700, 1200, 1150, 1050, 250, 1, 1], [700, 500, 600, 900, 1200, 1150, 750, 200, 1, 1], [700, 500, 600, 900, 1200, 800, 1050, 250, 1, 1], [550, 500, 600, 900, 1200, 1150, 1050, 250, 1, 1], [450, 550, 550, 1200, 1200, 1150, 1050, 250, 1, 1], [450, 550, 550, 1200, 1200, 1150, 1050, 250, 1, 1], [450, 550, 550, 1200, 1200, 1150, 1050, 250, 1, 1], [450, 550, 550, 1200, 1200, 1150, 1050, 250, 1, 1], [450, 500, 550, 1200, 1200, 1150, 1050, 250, 1, 1], [550, 500, 550, 1200, 1200, 1150, 1050, 250, 1, 1], [450, 550, 550, 1200, 1250, 1150, 1050, 250, 1, 1], [450, 550, 550, 1200, 1250, 1150, 1050, 250, 1, 1], [450, 550, 550, 1150, 1250, 1150, 1050, 250, 1, 1], [450, 550, 550, 1150, 1250, 1150, 1050, 250, 1, 1], [450, 500, 550, 1200, 1250, 1150, 1050, 250, 1, 1], [550, 500, 550, 1200, 1250, 1150, 1050, 250, 1, 1], [550, 500, 550, 1200, 1250, 1150, 1050, 250, 1, 1], [450, 450, 550, 1200, 1250, 1150, 1050, 250, 1, 1]]}