{"mutate": 0.01, "average_fitness_history": [755.0536365131198, 809.8036632368652, 830.4092763418871, 840.1823158758096, 848.1379131495571, 849.3930747316989, 851.7696357042156, 858.3172899898794, 860.6062338192384, 864.78648940797, 863.9772631110282, 862.9974421826366, 868.3963616375361, 863.2061801031234, 865.8294640187042, 870.0172498221536, 869.8842383347971, 869.322763210766, 868.650090334562, 863.3555508508716, 872.9717042656627, 867.2147484200294, 870.4418977425937, 874.0679459850505, 868.2054166340974, 862.1861165463841], "add_random": 0.2, "strongest_fitness_history": [942.5628931542731, 944.4867387984564, 948.5311306286295, 949.4268488534558, 949.4268488534558, 949.4268488534558, 950.0603059029314, 950.5138736592764, 955.3452962242292, 957.1019086730973, 957.1019086730973, 957.1019086730973, 959.4696642699258, 959.4696642699258, 959.4696642699258, 961.3862881528183, 961.3862881528183, 961.3862881528183, 961.3862881528183, 961.6877829923551, 962.0867053105814, 962.0867053105814, 962.262161267092, 962.2621652970419, 962.2621652970419, 962.2621652970419], "elite": 0.0, "populationSize": 1000, "generations": 25, "strongest_history": [[700, 600, 500, 2050, 1000, 1150, 550, 100, 1, 1], [650, 450, 600, 1250, 1100, 850, 950, 250, 1, 1], [550, 400, 350, 1100, 900, 1150, 500, 200, 1, 1], [650, 550, 350, 1100, 1200, 850, 950, 200, 1, 1], [650, 550, 350, 1100, 1200, 850, 950, 200, 1, 1], [650, 600, 350, 1100, 1200, 850, 950, 200, 1, 1], [650, 600, 350, 350, 1250, 800, 650, 250, 1, 1], [600, 550, 350, 1100, 1200, 850, 550, 250, 1, 1], [700, 450, 350, 1500, 1250, 1100, 850, 200, 1, 1], [550, 400, 350, 1450, 1250, 1100, 1000, 250, 1, 1], [550, 400, 350, 1450, 1250, 1100, 1000, 250, 1, 1], [550, 400, 350, 1450, 1250, 1100, 1000, 250, 1, 1], [550, 400, 350, 1450, 1250, 1100, 1050, 250, 1, 1], [550, 400, 350, 1450, 1250, 1100, 1050, 250, 1, 1], [550, 400, 350, 1450, 1250, 1100, 1050, 250, 1, 1], [550, 550, 350, 1100, 1200, 1150, 1050, 250, 1, 1], [550, 550, 350, 1100, 1200, 1150, 1050, 250, 1, 1], [550, 550, 350, 1100, 1200, 1150, 1050, 250, 1, 1], [550, 550, 350, 1100, 1200, 1150, 1050, 250, 1, 1], [650, 550, 350, 1100, 1250, 250, 1050, 250, 1, 1], [550, 400, 350, 1050, 1250, 1150, 1050, 250, 1, 1], [550, 400, 350, 1100, 1250, 1150, 1050, 250, 1, 1], [550, 450, 500, 1100, 1250, 1150, 1050, 250, 1, 1], [550, 400, 500, 1100, 1250, 1150, 1050, 250, 1, 1], [550, 400, 500, 1100, 1250, 1150, 1050, 250, 1, 1], [550, 400, 500, 1100, 1250, 1150, 1050, 250, 1, 1]]}