{"mutate": 0.01, "average_fitness_history": [750.8883415833883, 810.4309662832524, 825.3624201762129, 842.8851100952706, 847.9636115803497, 852.1014744698937, 856.6851292202214, 850.931288791961, 861.8636675525172, 857.2496938637909, 866.6905929162023, 864.9825010833316, 858.3214227781483, 857.1568008704601, 868.185064369735, 857.1015445357718, 864.4846116135545, 870.3470000749526, 870.9614446243158, 872.7433680576186, 865.4652961841292, 864.9758508817365, 864.6478501545938, 879.7277853884663, 876.5768995384029, 871.5750032890173], "add_random": 0.2, "strongest_fitness_history": [937.4176758042131, 943.3243210564635, 945.8900809347243, 947.228274985331, 951.8159870600281, 951.8159870600281, 953.0549781766239, 954.1443670146856, 959.0848791036872, 959.458396795165, 960.7855795557676, 960.7855795557676, 962.0620530200916, 962.2391104301962, 962.2391104301962, 962.2391104301962, 962.2391104301962, 962.25544795318, 962.3336238954655, 962.3343332342337, 962.3343332342337, 962.3343332342337, 962.3343332342337, 962.3343332342337, 962.3343332342337, 962.3343332342337], "elite": 0.0, "populationSize": 1000, "generations": 25, "strongest_history": [[700, 650, 550, 900, 950, 1050, 1000, 250, 1, 1], [850, 600, 800, 1000, 1250, 1150, 800, 250, 1, 1], [550, 750, 450, 2000, 1200, 1100, 900, 200, 1, 1], [900, 450, 500, 900, 850, 1150, 950, 250, 1, 1], [850, 400, 450, 1250, 1150, 1150, 800, 200, 1, 1], [850, 400, 450, 1250, 1150, 1150, 850, 200, 1, 1], [550, 400, 450, 1000, 1250, 1100, 300, 200, 1, 1], [550, 450, 550, 700, 1250, 1150, 800, 250, 1, 1], [600, 450, 550, 1250, 1200, 1150, 950, 250, 1, 1], [600, 450, 550, 900, 1250, 1150, 450, 250, 1, 1], [550, 600, 450, 1000, 1250, 1150, 1050, 200, 1, 1], [550, 600, 450, 1000, 1250, 1150, 1050, 200, 1, 1], [550, 400, 450, 1000, 1250, 1150, 1050, 250, 1, 1], [600, 450, 550, 1000, 1250, 1150, 1050, 250, 1, 1], [600, 450, 550, 1000, 1250, 1150, 1050, 250, 1, 1], [600, 450, 550, 1000, 1250, 1150, 1050, 250, 1, 1], [600, 450, 550, 1000, 1250, 1150, 1050, 250, 1, 1], [500, 400, 550, 1000, 1250, 1150, 1050, 250, 1, 1], [500, 400, 550, 1150, 1250, 1150, 1050, 250, 1, 1], [550, 400, 550, 1150, 1250, 1150, 1050, 250, 1, 1], [550, 400, 550, 1150, 1250, 1150, 1050, 250, 1, 1], [550, 400, 550, 1150, 1250, 1150, 1050, 250, 1, 1], [550, 400, 550, 1150, 1250, 1150, 1050, 250, 1, 1], [550, 400, 550, 1150, 1250, 1150, 1050, 250, 1, 1], [550, 400, 550, 1150, 1250, 1150, 1050, 250, 1, 1], [550, 400, 550, 1150, 1250, 1150, 1050, 250, 1, 1]]}