{"mutate": 0.01, "average_fitness_history": [752.3689958208785, 806.5137178785163, 812.47833541173, 840.0039107540024, 838.8268522946935, 842.1204931780115, 849.1065992091161, 859.8676179736391, 859.550588598978, 861.4770185418247, 859.3952576609569, 860.399695886027, 866.4853137290943, 872.6122993833707, 864.0042384830784, 875.2096820019839, 864.7033660625503, 868.4690050610144, 869.6775531224836, 863.807659858718, 868.6699581987272, 872.0492162087401, 870.0509653869271, 870.5453293809593, 867.9302240420205, 869.532966408376], "add_random": 0.2, "strongest_fitness_history": [936.3273485730351, 936.3273485730351, 943.9373266535426, 944.2210050017743, 947.1585464856912, 950.5835756014368, 952.3978142416795, 954.3016287808557, 954.3016287808557, 958.0463635695564, 958.3672829430785, 959.683789006931, 959.683789006931, 960.0252222439995, 961.6091069986862, 962.0867425610317, 962.0867425610317, 962.1162772846304, 962.1162772846304, 962.2844669425473, 962.3188033834739, 962.3336184580401, 962.3336184580401, 962.3343292049161, 962.3343292049161, 962.3343292049161], "elite": 0.0, "populationSize": 1000, "generations": 25, "strongest_history": [[800, 650, 550, 1500, 1000, 1000, 1050, 250, 1, 1], [800, 650, 550, 1500, 1000, 1000, 1050, 250, 1, 1], [500, 450, 400, 1050, 900, 900, 950, 200, 1, 1], [450, 450, 450, 1400, 1200, 650, 400, 250, 1, 1], [850, 500, 350, 1500, 1150, 1100, 950, 150, 1, 1], [600, 450, 350, 1500, 1150, 950, 1050, 250, 1, 1], [450, 500, 650, 700, 1200, 1150, 800, 250, 1, 1], [800, 600, 500, 1250, 1200, 1150, 600, 250, 1, 1], [800, 600, 500, 1250, 1200, 1150, 600, 250, 1, 1], [600, 450, 350, 1250, 1250, 1150, 650, 200, 1, 1], [500, 450, 400, 1050, 1250, 1150, 650, 200, 1, 1], [450, 450, 450, 1400, 1200, 1150, 1050, 200, 1, 1], [450, 450, 450, 1400, 1200, 1150, 1050, 200, 1, 1], [600, 500, 450, 1250, 1200, 1150, 1050, 200, 1, 1], [500, 450, 400, 1050, 1200, 1150, 1050, 250, 1, 1], [500, 450, 400, 1050, 1250, 1150, 1050, 250, 1, 1], [500, 450, 400, 1050, 1250, 1150, 1050, 250, 1, 1], [450, 450, 450, 1050, 1250, 1150, 1050, 250, 1, 1], [450, 450, 450, 1050, 1250, 1150, 1050, 250, 1, 1], [450, 450, 500, 1150, 1250, 1150, 1050, 250, 1, 1], [450, 500, 550, 1150, 1250, 1150, 1050, 250, 1, 1], [500, 450, 550, 1150, 1250, 1150, 1050, 250, 1, 1], [500, 450, 550, 1150, 1250, 1150, 1050, 250, 1, 1], [550, 450, 550, 1150, 1250, 1150, 1050, 250, 1, 1], [550, 450, 550, 1150, 1250, 1150, 1050, 250, 1, 1], [550, 450, 550, 1150, 1250, 1150, 1050, 250, 1, 1]]}