{"mutate": 0.01, "average_fitness_history": [755.6499700203677, 808.9368934544138, 830.2830255780277, 844.5021912097026, 842.9332838512967, 844.7159865477025, 854.063395589524, 855.5274850212656, 856.4399732578772, 856.1821410956614, 862.7592703473365, 854.9584498774143, 867.5906481592116, 863.6138804970913, 869.0878372739379, 868.7161977090195, 860.3047600289373, 864.6986816883921, 866.9125959565057, 863.9314513113609, 864.4099394453065, 869.2062557944284, 864.1838170891411, 857.851489151348, 872.1372143702235, 870.9516586308571], "add_random": 0.2, "strongest_fitness_history": [927.9144794253775, 940.2607604326183, 948.43683346782, 948.43683346782, 952.9843698357481, 952.9843698357481, 952.9843698357481, 956.5009245262039, 956.5009245262039, 957.4520211938634, 958.1272698582343, 958.1287486290264, 959.5837099726352, 960.8101828231559, 960.8101828231559, 960.8101885989261, 960.8101885989261, 962.0816410798085, 962.0866944927328, 962.0867002298681, 962.1015100198433, 962.2844747776771, 962.2844775414708, 962.2844775414708, 962.2844775414708, 962.2844775414708], "elite": 0.0, "populationSize": 1000, "generations": 25, "strongest_history": [[500, 500, 1000, 950, 1200, 1050, 900, 100, 1, 1], [450, 400, 350, 1450, 950, 1050, 450, 200, 1, 1], [500, 500, 350, 1050, 800, 1100, 850, 200, 1, 1], [500, 500, 350, 1050, 800, 1100, 850, 200, 1, 1], [500, 500, 650, 1100, 500, 1150, 1000, 100, 1, 1], [500, 500, 650, 1100, 1200, 1150, 1000, 100, 1, 1], [500, 500, 650, 1100, 1200, 1150, 1000, 100, 1, 1], [500, 500, 650, 1100, 1200, 1150, 1000, 200, 1, 1], [500, 500, 650, 1100, 1200, 1150, 1000, 200, 1, 1], [650, 500, 350, 1050, 1200, 1150, 550, 200, 1, 1], [500, 500, 650, 1100, 1200, 1150, 850, 250, 1, 1], [550, 500, 650, 1100, 1200, 1150, 850, 250, 1, 1], [500, 500, 350, 950, 1250, 1150, 850, 250, 1, 1], [450, 450, 350, 1050, 1250, 1150, 1050, 200, 1, 1], [450, 450, 350, 1050, 1250, 1150, 1050, 200, 1, 1], [450, 400, 350, 1050, 1250, 1150, 1050, 200, 1, 1], [450, 400, 350, 1050, 1250, 1150, 1050, 200, 1, 1], [500, 500, 350, 1050, 1250, 1150, 1050, 250, 1, 1], [450, 450, 350, 1050, 1250, 1150, 1050, 250, 1, 1], [450, 400, 350, 1050, 1250, 1150, 1050, 250, 1, 1], [500, 500, 450, 1050, 1250, 1150, 1050, 200, 1, 1], [500, 450, 500, 1150, 1250, 1150, 1050, 250, 1, 1], [450, 400, 500, 1150, 1250, 1150, 1050, 250, 1, 1], [450, 400, 500, 1150, 1250, 1150, 1050, 250, 1, 1], [450, 400, 500, 1150, 1250, 1150, 1050, 250, 1, 1], [450, 400, 500, 1150, 1250, 1150, 1050, 250, 1, 1]]}