{"mutate": 0.01, "average_fitness_history": [755.4761602885883, 807.395285449211, 828.6746186586712, 836.4819743564332, 846.9784233651715, 862.4667879177458, 852.157477131832, 853.7709919907137, 857.6420476783953, 867.3935589233421, 869.8968805704953, 866.4607720262997, 871.2750983149351, 863.6417753919048, 871.9446682647254, 871.0188922767372, 871.6353858372222, 874.0399661949828, 863.0624101815532, 870.4980697247397, 866.0759322947508, 870.0141595954918, 865.3201690771502, 868.3194652798101, 867.4066589223339, 867.4268835408046], "add_random": 0.2, "strongest_fitness_history": [955.3405017151222, 955.3405017151222, 955.3405017151222, 955.3405017151222, 955.3405017151222, 956.6145448112603, 957.49635247486, 959.364644224841, 959.364644224841, 960.8047513942472, 960.8047513942472, 960.8047513942472, 961.193862556068, 961.7766220900351, 962.1747209556962, 962.1747209556962, 962.1747209556962, 962.1747209556962, 962.2422939775606, 962.25544795318, 962.25544795318, 962.25544795318, 962.25544795318, 962.2561515357677, 962.2561515357677, 962.2561555740784], "elite": 0.0, "populationSize": 1000, "generations": 25, "strongest_history": [[550, 850, 500, 1500, 1200, 1150, 600, 200, 1, 1], [550, 600, 500, 1500, 1200, 1150, 600, 200, 1, 1], [550, 850, 500, 1500, 1200, 1150, 600, 200, 1, 1], [550, 600, 500, 1500, 1200, 1150, 600, 200, 1, 1], [550, 600, 500, 1500, 1200, 1150, 600, 200, 1, 1], [550, 600, 500, 650, 1200, 1150, 600, 250, 1, 1], [550, 600, 500, 1000, 1200, 1150, 600, 250, 1, 1], [550, 600, 500, 1500, 1200, 1150, 1050, 250, 1, 1], [550, 600, 500, 1500, 1200, 1150, 1050, 250, 1, 1], [600, 500, 900, 1500, 1200, 1150, 1050, 250, 1, 1], [600, 500, 500, 1500, 1200, 1150, 1050, 250, 1, 1], [600, 500, 500, 1500, 1200, 1150, 1050, 250, 1, 1], [650, 400, 450, 1250, 1200, 1150, 1050, 250, 1, 1], [500, 400, 550, 1000, 1200, 1150, 1050, 250, 1, 1], [600, 500, 500, 1000, 1250, 1150, 1050, 250, 1, 1], [600, 500, 500, 1000, 1250, 1150, 1050, 250, 1, 1], [600, 500, 500, 1000, 1250, 1150, 1050, 250, 1, 1], [600, 500, 500, 1000, 1250, 1150, 1050, 250, 1, 1], [550, 500, 550, 1000, 1250, 1150, 1050, 250, 1, 1], [500, 400, 550, 1000, 1250, 1150, 1050, 250, 1, 1], [500, 400, 550, 1000, 1250, 1150, 1050, 250, 1, 1], [500, 400, 550, 1000, 1250, 1150, 1050, 250, 1, 1], [500, 400, 550, 1000, 1250, 1150, 1050, 250, 1, 1], [550, 450, 550, 1000, 1250, 1150, 1050, 250, 1, 1], [550, 450, 550, 1000, 1250, 1150, 1050, 250, 1, 1], [550, 400, 550, 1000, 1250, 1150, 1050, 250, 1, 1]]}