{"mutate": 0.01, "average_fitness_history": [749.0330191579994, 813.8473869462805, 828.8735986197505, 836.2564960177315, 846.0775351231844, 849.0657531438359, 859.741376009177, 862.1783268015179, 858.4924752907667, 856.6890014887475, 869.1167282909754, 865.1231494881383, 867.6113810305192, 862.3701648186751, 860.9700096719155, 867.3091842908191, 871.7884945278648, 865.343271440258, 876.6503371712154, 866.6255356580268, 872.8728019414131, 867.8144239054784, 863.5846818131292, 869.437398889146, 864.6067005381053, 873.4610879734727], "add_random": 0.2, "strongest_fitness_history": [946.8687040975027, 946.8687040975027, 946.8687040975027, 949.7176133989665, 950.3530892571567, 952.8520192312131, 952.8520192312131, 957.1492034104208, 957.1492034104208, 958.3638763167913, 959.4008396958469, 960.3849605997615, 960.43252851982, 961.8462854324388, 962.1110307777524, 962.1110307777524, 962.1340089073667, 962.24764106207, 962.24764106207, 962.24764106207, 962.2614456242056, 962.2614456242056, 962.2681780931503, 962.2681780931503, 962.2967351886232, 962.2967351886232], "elite": 0.0, "populationSize": 1000, "generations": 25, "strongest_history": [[800, 450, 450, 1450, 1000, 1100, 700, 200, 1, 1], [800, 450, 450, 1450, 1000, 1100, 700, 200, 1, 1], [800, 450, 450, 1450, 1000, 1100, 700, 200, 1, 1], [600, 550, 450, 1050, 950, 1100, 900, 200, 1, 1], [700, 500, 750, 950, 1250, 1150, 500, 200, 1, 1], [850, 450, 500, 1200, 1250, 1100, 600, 200, 1, 1], [850, 450, 500, 1200, 1250, 1100, 600, 200, 1, 1], [600, 550, 450, 1350, 1150, 1150, 1050, 200, 1, 1], [600, 550, 450, 1350, 1150, 1150, 1050, 200, 1, 1], [700, 500, 1950, 1300, 1150, 1150, 1050, 250, 1, 1], [600, 550, 450, 1050, 1250, 1150, 700, 250, 1, 1], [600, 450, 450, 1150, 1200, 1150, 1050, 200, 1, 1], [600, 450, 450, 1200, 1250, 1100, 1050, 250, 1, 1], [600, 550, 450, 1050, 1250, 1150, 1050, 250, 1, 1], [600, 450, 450, 1050, 1250, 1150, 1050, 250, 1, 1], [600, 450, 450, 1050, 1250, 1150, 1050, 250, 1, 1], [600, 450, 450, 1150, 1250, 1150, 1050, 250, 1, 1], [600, 450, 500, 1200, 1250, 1150, 1050, 250, 1, 1], [600, 450, 500, 1200, 1250, 1150, 1050, 250, 1, 1], [600, 450, 500, 1200, 1250, 1150, 1050, 250, 1, 1], [450, 450, 500, 1050, 1250, 1150, 1050, 250, 1, 1], [450, 450, 500, 1050, 1250, 1150, 1050, 250, 1, 1], [600, 450, 500, 1150, 1250, 1150, 1050, 250, 1, 1], [600, 450, 500, 1150, 1250, 1150, 1050, 250, 1, 1], [600, 450, 550, 1200, 1250, 1150, 1050, 250, 1, 1], [600, 450, 550, 1200, 1250, 1150, 1050, 250, 1, 1]]}