{"mutate": 0.01, "average_fitness_history": [751.4192672427464, 807.9596217295682, 827.4851925090306, 831.1594015580004, 844.2304568406527, 852.9803707059626, 860.1346479245883, 862.0766720404828, 859.5180886869567, 862.5542529507919, 864.6517869115222, 865.6536412602595, 861.1594154048915, 867.42801456099, 867.5317374381307, 862.830456237461, 870.4302297115493, 867.8623155942414, 868.351062368066, 869.7896892518849, 864.6717918520039, 866.7177634561936, 875.577416978262, 873.0358250088509, 864.4878893834318, 864.267669898658], "add_random": 0.2, "strongest_fitness_history": [939.5816267181214, 944.4998171874039, 944.4998171874039, 952.6240397905218, 952.9331623547333, 955.3365647092494, 955.3365647092494, 956.5901943182753, 957.3435219760179, 957.3435219760179, 959.5236550788081, 960.2859634602775, 960.2859634602775, 962.0317667101704, 962.0317667101704, 962.0317667101704, 962.086697282973, 962.2561555740784, 962.2561555740784, 962.3112546635437, 962.3112546635437, 962.3112546635437, 962.3112546635437, 962.3112546635437, 962.3112546635437, 962.3112546635437], "elite": 0.0, "populationSize": 1000, "generations": 25, "strongest_history": [[800, 400, 650, 1300, 1100, 1150, 450, 150, 1, 1], [650, 450, 350, 1550, 1250, 950, 650, 100, 1, 1], [650, 450, 350, 1550, 1250, 950, 650, 100, 1, 1], [700, 450, 350, 1850, 1200, 1150, 850, 150, 1, 1], [550, 400, 550, 1900, 1200, 1150, 500, 200, 1, 1], [700, 550, 550, 1000, 1250, 1100, 800, 200, 1, 1], [700, 550, 550, 1000, 1250, 1100, 800, 200, 1, 1], [650, 450, 550, 1000, 1250, 1100, 800, 200, 1, 1], [700, 400, 350, 1550, 1250, 1150, 1000, 250, 1, 1], [700, 400, 350, 1550, 1250, 1150, 1000, 250, 1, 1], [650, 450, 350, 1200, 1250, 1150, 1000, 250, 1, 1], [650, 450, 350, 1100, 1250, 1100, 1050, 250, 1, 1], [650, 450, 350, 1100, 1250, 1100, 1050, 250, 1, 1], [500, 400, 350, 1000, 1250, 1150, 1050, 250, 1, 1], [500, 400, 350, 1000, 1250, 1150, 1050, 250, 1, 1], [500, 400, 350, 1000, 1250, 1150, 1050, 250, 1, 1], [500, 450, 350, 1100, 1250, 1150, 1050, 250, 1, 1], [550, 400, 550, 1000, 1250, 1150, 1050, 250, 1, 1], [1450, 400, 550, 1000, 1250, 1150, 1050, 250, 1, 1], [550, 400, 550, 1100, 1250, 1150, 1050, 250, 1, 1], [550, 400, 550, 1100, 1250, 1150, 1050, 250, 1, 1], [550, 400, 550, 1100, 1250, 1150, 1050, 250, 1, 1], [550, 400, 550, 1100, 1250, 1150, 1050, 250, 1, 1], [550, 400, 550, 1100, 1250, 1150, 1050, 250, 1, 1], [550, 400, 550, 1100, 1250, 1150, 1050, 250, 1, 1], [550, 400, 550, 1100, 1250, 1150, 1050, 250, 1, 1]]}