{"mutate": 0.01, "average_fitness_history": [746.4536929592866, 808.3380549233777, 830.0913486043977, 834.0265603093288, 840.2085067854243, 848.8076373206844, 859.889197703305, 855.6417778360787, 855.2739630915406, 856.4671088018143, 856.9593891291129, 866.7485057220636, 863.3115396917837, 866.6087268998624, 865.8460464731538, 860.821568570011, 870.0899431852347, 867.041317332139, 868.9185010593573, 867.4622570093974, 868.2764857246319, 867.5394995082064, 861.7234270355151, 873.1865290190843, 865.780850397849, 871.5961958888295], "add_random": 0.2, "strongest_fitness_history": [932.1281310435767, 935.6464004594944, 938.6671639810481, 941.7407312690331, 949.6353914892394, 949.6353914892394, 952.8968967704506, 952.8968967704506, 956.851937589219, 956.851937589219, 957.6350775364523, 959.5148347442151, 959.5148347442151, 959.5148347442151, 960.1521467821811, 960.3349651782869, 961.1977222653924, 961.6319298993428, 961.6319298993428, 961.7693820619695, 961.7693820619695, 961.7858239132564, 961.9227273214937, 962.2071803236058, 962.2071803236058, 962.2071803236058], "elite": 0.0, "populationSize": 1000, "generations": 25, "strongest_history": [[450, 550, 650, 800, 650, 1100, 700, 250, 1, 1], [950, 400, 650, 2000, 1150, 750, 800, 250, 1, 1], [650, 600, 400, 1350, 1000, 1000, 350, 200, 1, 1], [650, 400, 650, 2000, 1150, 750, 800, 150, 1, 1], [450, 450, 600, 1000, 1200, 750, 850, 200, 1, 1], [450, 450, 600, 1000, 1200, 750, 850, 200, 1, 1], [500, 650, 500, 1600, 1200, 1150, 650, 200, 1, 1], [500, 650, 500, 1600, 1200, 1150, 650, 200, 1, 1], [600, 400, 650, 1200, 1200, 1150, 1000, 200, 1, 1], [600, 400, 650, 1200, 1200, 1150, 1000, 200, 1, 1], [500, 500, 350, 1200, 1200, 1100, 700, 250, 1, 1], [700, 500, 350, 1200, 1200, 1100, 1050, 250, 1, 1], [700, 500, 350, 1200, 1200, 1100, 1050, 250, 1, 1], [700, 500, 350, 1200, 1200, 1100, 1050, 250, 1, 1], [600, 450, 600, 1000, 1200, 1150, 1050, 200, 1, 1], [500, 500, 350, 1200, 1200, 1150, 1050, 200, 1, 1], [700, 400, 500, 1200, 1200, 1150, 1050, 250, 1, 1], [550, 400, 350, 1150, 1200, 1150, 1050, 250, 1, 1], [550, 400, 350, 1150, 1200, 1150, 1050, 250, 1, 1], [600, 400, 500, 1200, 1200, 1150, 1050, 250, 1, 1], [600, 400, 500, 1200, 1200, 1150, 1050, 250, 1, 1], [450, 400, 500, 1200, 1200, 1150, 1050, 250, 1, 1], [450, 450, 600, 1000, 1250, 1150, 1050, 250, 1, 1], [550, 400, 500, 1000, 1250, 1150, 1050, 250, 1, 1], [550, 400, 500, 1000, 1250, 1150, 1050, 250, 1, 1], [550, 400, 500, 1000, 1250, 1150, 1050, 250, 1, 1]]}