{"mutate": 0.01, "average_fitness_history": [757.7182995670569, 813.0149136971995, 830.6636728659264, 832.9952326371186, 845.3726976953028, 849.4079006916484, 854.053050616346, 860.9226300245907, 856.9063578019166, 861.3040071483831, 851.0034638903771, 868.1810604445524, 853.9761077050446, 864.635795017144, 866.0741345524, 865.8070473360842, 871.6039149613925, 865.6268496260418, 864.8708519988375, 868.0864846205149, 870.970712847445, 870.9227024709861, 872.7748069620317, 873.6017066280336, 864.0208801640401, 873.4113957599982], "add_random": 0.2, "strongest_fitness_history": [936.1048621450641, 936.5252074099815, 942.2959490353464, 948.906616203076, 948.906616203076, 953.077987633809, 953.077987633809, 959.2021520805107, 959.2021520805107, 959.3766867581468, 959.3766867581468, 961.3859661525787, 961.3859661525787, 961.3859661525787, 961.3860012968602, 962.263949524167, 962.263949524167, 962.263949524167, 962.263949524167, 962.263949524167, 962.263949524167, 962.2639521917638, 962.3130643904627, 962.3130643904627, 962.3130643904627, 962.3130643904627], "elite": 0.0, "populationSize": 1000, "generations": 25, "strongest_history": [[450, 500, 550, 600, 1150, 1000, 700, 150, 1, 1], [450, 650, 600, 1200, 950, 700, 950, 200, 1, 1], [750, 400, 500, 1200, 1100, 850, 600, 200, 1, 1], [500, 600, 650, 1050, 1100, 1100, 1050, 200, 1, 1], [500, 600, 650, 1050, 1100, 1100, 1050, 200, 1, 1], [850, 500, 550, 1400, 1250, 1150, 550, 200, 1, 1], [850, 500, 550, 1400, 1250, 1150, 550, 200, 1, 1], [500, 450, 350, 1100, 1200, 1150, 850, 250, 1, 1], [500, 450, 350, 1100, 1200, 1150, 850, 250, 1, 1], [500, 400, 500, 1200, 1200, 1150, 850, 250, 1, 1], [500, 400, 500, 1200, 1200, 1150, 850, 250, 1, 1], [500, 550, 350, 1100, 1200, 1150, 1050, 250, 1, 1], [500, 550, 350, 1100, 1200, 1150, 1050, 250, 1, 1], [500, 550, 350, 1100, 1200, 1150, 1050, 250, 1, 1], [500, 550, 400, 1100, 1200, 1150, 1050, 250, 1, 1], [450, 400, 500, 1200, 1250, 1150, 1050, 250, 1, 1], [450, 400, 500, 1200, 1250, 1150, 1050, 250, 1, 1], [450, 400, 500, 1200, 1250, 1150, 1050, 250, 1, 1], [450, 400, 500, 1200, 1250, 1150, 1050, 250, 1, 1], [450, 400, 500, 1200, 1250, 1150, 1050, 250, 1, 1], [450, 400, 500, 1200, 1250, 1150, 1050, 250, 1, 1], [500, 400, 500, 1200, 1250, 1150, 1050, 250, 1, 1], [500, 400, 550, 1200, 1250, 1150, 1050, 250, 1, 1], [500, 400, 550, 1200, 1250, 1150, 1050, 250, 1, 1], [500, 400, 550, 1200, 1250, 1150, 1050, 250, 1, 1], [500, 400, 550, 1200, 1250, 1150, 1050, 250, 1, 1]]}