{"mutate": 0.01, "average_fitness_history": [751.5294576138674, 804.5406647242157, 825.9461066780697, 831.1209469986771, 847.1557058998791, 847.4002524819642, 854.0222084983468, 863.1592474997013, 865.2284250515327, 860.7009003993211, 869.6700863235727, 862.9173464386901, 859.6284097907989, 868.8521714669052, 863.8702232190988, 865.6745749748482, 871.1774681142012, 871.779855932734, 870.7183704258846, 864.9043057331327, 865.2432050268903, 869.7092732181912, 870.9401658930163, 866.1563912656446, 862.1864776217631, 868.6454355241509], "add_random": 0.2, "strongest_fitness_history": [941.2999728469164, 941.2999728469164, 947.153738307393, 947.153738307393, 950.3944015440688, 950.3944015440688, 957.7982309767743, 957.7982309767743, 957.7982309767743, 960.741540384808, 960.741540384808, 960.741540384808, 960.741540384808, 960.741540384808, 960.741540384808, 961.8638021568745, 962.0820070976149, 962.0867545273023, 962.0867545273023, 962.0867545273023, 962.0867545273023, 962.0867545273023, 962.0867545273023, 962.0867545273023, 962.0867545273023, 962.0867545273023], "elite": 0.0, "populationSize": 1000, "generations": 25, "strongest_history": [[800, 550, 400, 1150, 1050, 950, 900, 200, 1, 1], [800, 550, 400, 1150, 1050, 950, 900, 200, 1, 1], [550, 550, 400, 1250, 1250, 1000, 750, 150, 1, 1], [550, 550, 400, 1250, 1250, 1000, 750, 150, 1, 1], [500, 550, 400, 1250, 800, 1150, 550, 250, 1, 1], [500, 550, 400, 1250, 800, 1150, 550, 250, 1, 1], [550, 550, 400, 1100, 1250, 1100, 800, 250, 1, 1], [550, 550, 400, 1100, 1250, 1100, 800, 250, 1, 1], [550, 550, 400, 1100, 1250, 1100, 800, 250, 1, 1], [500, 450, 400, 850, 1250, 1150, 1050, 250, 1, 1], [500, 450, 400, 850, 1250, 1150, 1050, 250, 1, 1], [500, 450, 400, 850, 1250, 1150, 1050, 250, 1, 1], [500, 450, 400, 850, 1250, 1150, 1050, 250, 1, 1], [500, 450, 400, 850, 1250, 1150, 1050, 250, 1, 1], [500, 450, 400, 700, 1250, 1150, 1050, 250, 1, 1], [500, 550, 400, 1100, 1250, 1150, 1050, 250, 1, 1], [550, 500, 400, 1100, 1250, 1150, 1050, 250, 1, 1], [550, 400, 400, 1100, 1250, 1150, 1050, 250, 1, 1], [550, 400, 400, 1100, 1250, 1150, 1050, 250, 1, 1], [550, 400, 400, 1100, 1250, 1150, 1050, 250, 1, 1], [550, 400, 400, 1100, 1250, 1150, 1050, 250, 1, 1], [550, 400, 400, 1100, 1250, 1150, 1050, 250, 1, 1], [550, 400, 2100, 1100, 1250, 1150, 1050, 250, 1, 1], [550, 400, 400, 1100, 1250, 1150, 1050, 250, 1, 1], [550, 400, 400, 1100, 1250, 1150, 1050, 250, 1, 1], [550, 400, 400, 1100, 1250, 1150, 1050, 250, 1, 1]]}