{"mutate": 0.01, "average_fitness_history": [755.0001114233072, 811.8435928041788, 825.2897797526842, 836.3700256531546, 845.9969385656358, 854.6288796519551, 858.4979909208056, 854.416537547148, 855.7254589513752, 860.0460630956416, 863.2668339373591, 862.2448569360918, 860.968684964998, 870.2213477541836, 856.4441077706772, 866.8912141389134, 858.8734407070024, 860.8695991392289, 871.0237080537536, 859.1199913093639, 871.2377972169785, 863.9540753012155, 869.1790142117351, 868.446618715629, 869.9348397453743, 859.8161920760017], "add_random": 0.2, "strongest_fitness_history": [945.3852094428956, 945.3852094428956, 946.6708578058319, 946.6708578058319, 951.6640148804469, 959.6168066217539, 959.6168066217539, 959.6168066217539, 959.6168066217539, 959.6168066217539, 961.8316656435384, 961.8316656435384, 961.8316656435384, 961.8316656435384, 961.8316656435384, 961.8316656435384, 961.8316656435384, 962.2071762868338, 962.2973951343207, 962.3105459221587, 962.3105459221587, 962.3105459221587, 962.3105459221587, 962.3112546635437, 962.3112546635437, 962.3112546635437], "elite": 0.0, "populationSize": 1000, "generations": 25, "strongest_history": [[500, 400, 550, 1050, 850, 1050, 1000, 250, 1, 1], [500, 400, 550, 1050, 850, 1050, 1000, 250, 1, 1], [450, 550, 600, 950, 1200, 750, 700, 150, 1, 1], [450, 550, 600, 950, 1200, 750, 700, 150, 1, 1], [500, 400, 600, 1750, 1200, 1150, 700, 100, 1, 1], [600, 600, 550, 1100, 1200, 1150, 1050, 250, 1, 1], [600, 600, 550, 1100, 1200, 1150, 1050, 250, 1, 1], [600, 600, 550, 700, 1200, 1150, 1050, 250, 1, 1], [600, 600, 550, 1100, 1200, 1150, 1050, 250, 1, 1], [600, 600, 550, 700, 1200, 1150, 1050, 250, 1, 1], [500, 400, 550, 1100, 1200, 1150, 1050, 250, 1, 1], [500, 400, 550, 1100, 1200, 1150, 1050, 250, 1, 1], [500, 400, 550, 1100, 1200, 1150, 1050, 250, 1, 1], [500, 400, 550, 1100, 1200, 1150, 1050, 250, 1, 1], [500, 400, 550, 1100, 1200, 1150, 1050, 250, 1, 1], [500, 400, 550, 1100, 1200, 1150, 1050, 250, 1, 1], [500, 400, 550, 1100, 1200, 1150, 1050, 250, 1, 1], [550, 450, 500, 950, 1250, 1150, 1050, 250, 1, 1], [550, 500, 550, 1100, 1250, 1150, 1050, 250, 1, 1], [500, 400, 550, 1100, 1250, 1150, 1050, 250, 1, 1], [500, 400, 550, 1100, 1250, 1150, 1050, 250, 1, 1], [500, 400, 550, 1100, 1250, 1150, 1050, 250, 1, 1], [500, 400, 550, 1100, 1250, 1150, 1050, 250, 1, 1], [550, 400, 550, 1100, 1250, 1150, 1050, 250, 1, 1], [550, 400, 550, 1100, 1250, 1150, 1050, 250, 1, 1], [550, 400, 550, 1100, 1250, 1150, 1050, 250, 1, 1]]}