{"mutate": 0.01, "average_fitness_history": [748.366935964447, 812.6412992700812, 827.1760287932344, 838.5926156946756, 847.7357485048199, 849.5876978239847, 853.4563485446627, 860.0632862773081, 855.6428085711009, 863.2535029291705, 862.9143717883582, 857.3865279731403, 856.7435668737778, 866.5226532099242, 869.6467093737677, 864.4955278272648, 867.2876119468665, 865.4127227163851, 870.8989377536391, 864.0494854118631, 865.578078136101, 867.7400836272483, 867.6887493427572, 864.064903738695, 867.6517500746963, 870.8523373272939], "add_random": 0.2, "strongest_fitness_history": [943.2647273403802, 945.5425163073565, 945.5425163073565, 950.1553237925527, 950.5664495236425, 951.4202924029541, 952.2939738716826, 952.2939738716826, 955.1116221785608, 960.2547767775477, 962.0282149725771, 962.0465697631978, 962.0465697631978, 962.1244842814856, 962.1244842814856, 962.1244842814856, 962.1244842814856, 962.1244842814856, 962.1340089073667, 962.1399670695191, 962.1399670695191, 962.1399670695191, 962.1399670695191, 962.1399670695191, 962.1399670695191, 962.1399670695191], "elite": 0.0, "populationSize": 1000, "generations": 25, "strongest_history": [[600, 450, 400, 600, 950, 1150, 900, 250, 1, 1], [600, 450, 400, 600, 950, 1150, 1050, 250, 1, 1], [600, 450, 400, 600, 950, 1150, 1050, 250, 1, 1], [500, 500, 450, 850, 950, 1150, 900, 200, 1, 1], [800, 500, 500, 1900, 1000, 1150, 1050, 250, 1, 1], [500, 500, 450, 850, 950, 1150, 900, 250, 1, 1], [800, 550, 450, 800, 1250, 1100, 700, 250, 1, 1], [800, 550, 450, 800, 1250, 1100, 700, 250, 1, 1], [800, 500, 500, 1900, 1250, 1150, 900, 250, 1, 1], [700, 550, 600, 950, 1250, 1150, 1050, 250, 1, 1], [600, 450, 400, 950, 1250, 1150, 1050, 250, 1, 1], [500, 500, 450, 950, 1250, 1150, 1050, 250, 1, 1], [500, 500, 450, 950, 1250, 1150, 1050, 250, 1, 1], [500, 500, 450, 1150, 1250, 1150, 1050, 250, 1, 1], [500, 500, 450, 1150, 1250, 1150, 1050, 250, 1, 1], [500, 500, 450, 1150, 1250, 1150, 1050, 250, 1, 1], [500, 500, 450, 1150, 1250, 1150, 1050, 250, 1, 1], [500, 500, 450, 1150, 1250, 1150, 1050, 250, 1, 1], [600, 450, 450, 1150, 1250, 1150, 1050, 250, 1, 1], [550, 450, 450, 1150, 1250, 1150, 1050, 250, 1, 1], [550, 450, 450, 1150, 1250, 1150, 1050, 250, 1, 1], [550, 450, 450, 1150, 1250, 1150, 1050, 250, 1, 1], [550, 450, 450, 1150, 1250, 1150, 1050, 250, 1, 1], [550, 450, 450, 1150, 1250, 1150, 1050, 250, 1, 1], [550, 450, 450, 1150, 1250, 1150, 1050, 250, 1, 1], [550, 450, 450, 1150, 1250, 1150, 1050, 250, 1, 1]]}