{"mutate": 0.01, "average_fitness_history": [755.6783294328811, 811.4272633680037, 822.3724529331286, 832.7465473025084, 842.2225887344774, 849.9030061323884, 850.0602271704989, 858.7803970520644, 856.5634537023919, 858.6475063259776, 860.5431064685923, 866.8699573685259, 860.5328002933974, 862.6104018425125, 871.0758985239671, 868.946011227064, 861.617154115865, 872.3854327487584, 872.1409272108967, 864.9514846260129, 867.3282993089601, 866.5026743729835, 862.5147879835907, 869.0701004046001, 877.8891856930529, 869.3364100421738], "add_random": 0.2, "strongest_fitness_history": [940.3759253618007, 948.3442440439289, 948.3442440439289, 948.3442440439289, 950.6136129009814, 950.6926363775045, 951.1017675990485, 955.0304555291258, 957.1683869639832, 957.9461093274941, 957.9461093274941, 959.2166818597779, 959.2166818597779, 959.8085778329495, 960.6295758817147, 961.5689342801057, 961.5689342801057, 961.8546210929444, 961.8546210929444, 961.8546210929444, 961.854628918398, 961.854628918398, 961.854628918398, 961.854628918398, 961.854628918398, 961.854628918398], "elite": 0.0, "populationSize": 1000, "generations": 25, "strongest_history": [[600, 500, 700, 1900, 1250, 650, 950, 150, 1, 1], [600, 500, 700, 1900, 1250, 200, 1050, 200, 1, 1], [600, 500, 700, 1900, 1250, 200, 1050, 200, 1, 1], [600, 500, 700, 1900, 1250, 750, 1050, 200, 1, 1], [650, 450, 600, 1300, 850, 1150, 750, 200, 1, 1], [700, 550, 350, 1050, 1000, 1150, 650, 200, 1, 1], [650, 450, 550, 1150, 800, 1150, 1000, 250, 1, 1], [650, 500, 700, 1400, 1200, 1150, 750, 200, 1, 1], [700, 550, 450, 1100, 1200, 1150, 750, 200, 1, 1], [450, 500, 450, 1100, 1200, 1150, 750, 200, 1, 1], [450, 500, 450, 1100, 1200, 1150, 750, 200, 1, 1], [450, 500, 450, 1100, 1200, 1150, 1000, 250, 1, 1], [450, 500, 450, 1100, 1200, 1150, 1000, 250, 1, 1], [700, 500, 350, 950, 1200, 1150, 1050, 200, 1, 1], [650, 500, 350, 950, 1250, 600, 1050, 200, 1, 1], [450, 500, 450, 950, 1200, 1150, 1050, 250, 1, 1], [450, 500, 450, 950, 1200, 1150, 1050, 250, 1, 1], [450, 450, 550, 1150, 1200, 1150, 1050, 250, 1, 1], [450, 450, 550, 1150, 1200, 1150, 1050, 250, 1, 1], [450, 450, 550, 1150, 1200, 1150, 1050, 250, 1, 1], [500, 450, 550, 1150, 1200, 1150, 1050, 250, 1, 1], [500, 450, 550, 1150, 1200, 1150, 1050, 250, 1, 1], [500, 450, 550, 1150, 1200, 1150, 1050, 250, 1, 1], [500, 450, 550, 1150, 1200, 1150, 1050, 250, 1, 1], [500, 450, 550, 1150, 1200, 1150, 1050, 250, 1, 1], [500, 450, 550, 1150, 1200, 1150, 1050, 250, 1, 1]]}