{"mutate": 0.01, "average_fitness_history": [746.0181049744916, 809.7923675333243, 826.7518026131743, 834.0600948517143, 851.8813323660844, 855.477102087279, 865.3153824920854, 859.393904100177, 863.1009406893036, 862.9930367632586, 865.0150086742772, 870.71626130768, 860.3027418943411, 866.1325281690507, 863.2239076486674, 865.5442092591767, 866.5203992096709, 863.2480508338205, 872.0311088833612, 866.749552583364, 864.07783079459, 872.9608749183632, 865.1441995589853, 868.4020444300077, 864.159245868084, 859.1214871272997], "add_random": 0.2, "strongest_fitness_history": [932.4166674418827, 936.4429420309308, 945.9829971068393, 948.010703419324, 951.2004604542401, 951.2004604542401, 957.1444729349531, 957.1444729349531, 957.1444729349531, 959.8273635971856, 959.8273635971856, 959.8273635971856, 959.8273635971856, 961.1108037904952, 961.1108037904952, 961.9646874335513, 961.9646874335513, 962.0613508495751, 962.1162905472984, 962.1162905472984, 962.1162905472984, 962.1162905472984, 962.1162905472984, 962.1169938319272, 962.1169938319272, 962.1169938319272], "elite": 0.0, "populationSize": 1000, "generations": 25, "strongest_history": [[600, 650, 800, 1550, 1050, 900, 750, 250, 1, 1], [700, 550, 600, 1050, 850, 1050, 450, 150, 1, 1], [600, 650, 800, 1900, 1200, 1150, 950, 250, 1, 1], [700, 550, 600, 1000, 900, 1100, 800, 200, 1, 1], [450, 600, 700, 1800, 1200, 1100, 600, 200, 1, 1], [450, 600, 700, 1800, 1200, 1100, 600, 200, 1, 1], [450, 550, 350, 1950, 1250, 1150, 1000, 250, 1, 1], [450, 550, 350, 1950, 1250, 1150, 1000, 250, 1, 1], [450, 550, 350, 1950, 1250, 1150, 1000, 250, 1, 1], [700, 550, 600, 1050, 1200, 1150, 1050, 250, 1, 1], [700, 550, 600, 1050, 1200, 1150, 1050, 250, 1, 1], [700, 550, 600, 1050, 1200, 1150, 1050, 250, 1, 1], [700, 550, 600, 1050, 1200, 1150, 1050, 250, 1, 1], [450, 550, 600, 1050, 1200, 1150, 1050, 250, 1, 1], [450, 550, 600, 1050, 1200, 1150, 1050, 250, 1, 1], [550, 500, 600, 1050, 1250, 1150, 1050, 250, 1, 1], [550, 500, 600, 1050, 1250, 1150, 1050, 250, 1, 1], [500, 400, 450, 950, 1250, 1150, 1050, 250, 1, 1], [500, 400, 450, 1050, 1250, 1150, 1050, 250, 1, 1], [500, 400, 450, 1050, 1250, 1150, 1050, 250, 1, 1], [500, 400, 450, 1050, 1250, 1150, 1050, 250, 1, 1], [500, 400, 450, 1050, 1250, 1150, 1050, 250, 1, 1], [500, 400, 450, 1050, 1250, 1150, 1050, 250, 1, 1], [550, 400, 450, 1050, 1250, 1150, 1050, 250, 1, 1], [550, 400, 450, 1050, 1250, 1150, 1050, 250, 1, 1], [550, 400, 450, 1050, 1250, 1150, 1050, 250, 1, 1]]}