{"mutate": 0.01, "average_fitness_history": [747.0040437592994, 809.9953687936603, 825.3925478614661, 833.608722363215, 846.639803832116, 855.0972114826344, 857.051002416557, 862.059370085896, 868.7747797442114, 864.9686557150599, 859.199834135388, 865.3605725183622, 870.3966477052894, 868.5918852854157, 873.2847408874457, 871.8553826769501, 865.1476161221412, 869.4205357330744, 863.7044528716141, 867.4749237471117, 865.3337720734902, 865.0331924435543, 875.5887972075653, 870.0846621180528, 872.4763032603539, 871.2016815039699], "add_random": 0.2, "strongest_fitness_history": [947.2366867134157, 948.7290344255232, 948.7290344255232, 954.7550288850184, 954.7550288850184, 954.7550288850184, 955.8965088849349, 955.8965088849349, 955.8965088849349, 959.475529022178, 959.475529022178, 959.475529022178, 961.2238015650095, 961.2238015650095, 961.2238015650095, 961.9239053361406, 961.9239053361406, 961.9239053361406, 962.255442510172, 962.25544795318, 962.25544795318, 962.25544795318, 962.25544795318, 962.25544795318, 962.25544795318, 962.2561515357677], "elite": 0.0, "populationSize": 1000, "generations": 25, "strongest_history": [[500, 450, 550, 900, 900, 1150, 750, 150, 1, 1], [500, 450, 550, 900, 900, 1150, 750, 150, 1, 1], [500, 450, 550, 900, 900, 1150, 750, 150, 1, 1], [700, 400, 450, 750, 1250, 1150, 850, 250, 1, 1], [700, 400, 450, 750, 1250, 1150, 850, 250, 1, 1], [700, 400, 450, 750, 1250, 1150, 850, 250, 1, 1], [450, 400, 500, 1350, 1200, 1100, 700, 200, 1, 1], [450, 400, 500, 1350, 1200, 1100, 700, 200, 1, 1], [450, 400, 500, 1350, 1200, 1100, 1000, 200, 1, 1], [500, 450, 550, 900, 1250, 1150, 850, 250, 1, 1], [500, 450, 550, 900, 1250, 1150, 850, 250, 1, 1], [500, 450, 550, 900, 1250, 1150, 850, 250, 1, 1], [450, 450, 400, 900, 1200, 1150, 1050, 250, 1, 1], [450, 450, 400, 900, 1200, 1150, 1050, 250, 1, 1], [450, 450, 400, 900, 1200, 1150, 1050, 250, 1, 1], [500, 450, 550, 900, 1250, 1150, 1050, 250, 1, 1], [500, 450, 550, 900, 1250, 1150, 1050, 250, 1, 1], [500, 450, 550, 900, 1250, 1150, 1050, 250, 1, 1], [500, 450, 550, 1000, 1250, 1150, 1050, 250, 1, 1], [500, 400, 550, 1000, 1250, 1150, 1050, 250, 1, 1], [500, 400, 550, 1000, 1250, 1150, 1050, 250, 1, 1], [500, 400, 550, 1000, 1250, 1150, 1050, 250, 1, 1], [500, 400, 550, 1000, 1250, 1150, 1050, 250, 1, 1], [500, 400, 550, 1000, 1250, 1150, 1050, 250, 1, 1], [500, 400, 550, 1000, 1250, 1150, 1050, 250, 1, 1], [550, 450, 550, 1000, 1250, 1150, 1050, 250, 1, 1]]}