{"mutate": 0.01, "average_fitness_history": [750.3700988919633, 811.3507227659338, 827.9982584276497, 837.2063604884185, 855.1033919369515, 852.3588432209013, 861.5087737243327, 850.3246070420126, 857.4870150406047, 864.5930040396495, 863.7103394752332, 866.605454674255, 870.7346486170826, 871.4449399234921, 866.9004320723903, 865.6818110113085, 870.073954808881, 861.8132988373945, 867.7649059520058, 865.9819096397223, 875.3077995444722, 868.022507353099, 863.4456129790209, 870.8559506307454, 871.6115824558163, 873.4925085191609], "add_random": 0.2, "strongest_fitness_history": [935.7926812962295, 937.6518524684177, 950.8882693927509, 955.9386489334089, 955.9386489334089, 956.2925384927406, 957.6195432718824, 957.6195432718824, 959.5236574559798, 959.5236574559798, 959.5236574559798, 961.2041133625312, 961.2041133625312, 961.6112933858163, 961.7842272271384, 961.9695695164789, 961.9695695164789, 962.0855260440204, 962.0855260440204, 962.2646589380022, 962.2646589380022, 962.2646589380022, 962.2646589380022, 962.2957278501428, 962.3112546635437, 962.3112546635437], "elite": 0.0, "populationSize": 1000, "generations": 25, "strongest_history": [[900, 450, 500, 900, 1050, 1000, 800, 150, 1, 1], [600, 750, 350, 2000, 1250, 1050, 400, 250, 1, 1], [550, 400, 600, 1550, 1000, 1150, 800, 250, 1, 1], [700, 400, 450, 850, 1150, 1100, 1050, 250, 1, 1], [700, 400, 450, 850, 1150, 1100, 1050, 250, 1, 1], [650, 400, 450, 850, 1150, 1100, 1050, 250, 1, 1], [650, 450, 600, 2000, 1200, 1150, 1050, 200, 1, 1], [650, 450, 600, 2000, 1200, 1150, 1050, 200, 1, 1], [650, 400, 350, 1200, 1250, 1150, 800, 250, 1, 1], [650, 400, 350, 1200, 1250, 1150, 800, 250, 1, 1], [650, 400, 350, 1200, 1250, 1150, 800, 250, 1, 1], [650, 400, 500, 900, 1200, 1150, 1050, 250, 1, 1], [650, 400, 500, 900, 1200, 1150, 1050, 250, 1, 1], [550, 400, 350, 1200, 1200, 1150, 1050, 250, 1, 1], [550, 400, 500, 1100, 1200, 1150, 1050, 250, 1, 1], [650, 400, 350, 1200, 1250, 1150, 1050, 250, 1, 1], [650, 400, 350, 1200, 1250, 1150, 1050, 250, 1, 1], [600, 400, 350, 1200, 1250, 1150, 1050, 250, 1, 1], [600, 400, 350, 1200, 1250, 1150, 1050, 250, 1, 1], [550, 400, 500, 1200, 1250, 1150, 1050, 250, 1, 1], [550, 400, 800, 1200, 1250, 1150, 1050, 250, 1, 1], [550, 400, 500, 1200, 1250, 1150, 1050, 250, 1, 1], [550, 400, 500, 1200, 1250, 1150, 1050, 250, 1, 1], [450, 500, 550, 1100, 1250, 1150, 1050, 250, 1, 1], [550, 400, 550, 1100, 1250, 1150, 1050, 250, 1, 1], [550, 400, 550, 1100, 1250, 1150, 1050, 250, 1, 1]]}