{"mutate": 0.01, "average_fitness_history": [753.1260827069023, 807.5751610234422, 825.1620545068417, 834.7022143850996, 840.6706621370222, 852.5655050628646, 860.6282968324199, 857.1431312867759, 863.5095777405907, 859.6101316267226, 859.5963222867896, 868.2346651934687, 862.5541433719937, 858.5270530041041, 869.8782327215298, 867.2148710853514, 870.6664529366976, 863.4480942467474, 869.0419763909081, 862.7828133624057, 863.8717536596297, 871.9404854861289, 861.3239512814474, 865.4338404562725, 866.5304418053526, 865.8066464427612], "add_random": 0.2, "strongest_fitness_history": [949.1076358896561, 949.1076358896561, 949.1076358896561, 949.1076358896561, 951.2478656124146, 951.2478656124146, 955.1911767822571, 955.1911767822571, 955.5706067136094, 956.8106963672813, 957.8474518484036, 959.1388719120148, 959.3576441349365, 959.8068411134201, 959.8068411134201, 960.1167378493227, 960.3123635090624, 960.7716599585933, 960.7716599585933, 960.7716599585933, 961.5908272263232, 962.2561515357677, 962.2561515357677, 962.2561515357677, 962.2561515357677, 962.3137694388748], "elite": 0.0, "populationSize": 1000, "generations": 25, "strongest_history": [[700, 500, 450, 1250, 1250, 1000, 600, 200, 1, 1], [700, 500, 450, 1250, 1250, 1000, 600, 150, 1, 1], [700, 500, 450, 1250, 1250, 1000, 600, 200, 1, 1], [700, 500, 450, 1250, 1250, 1000, 600, 150, 1, 1], [550, 550, 550, 1000, 900, 1050, 750, 250, 1, 1], [550, 550, 550, 1000, 900, 1050, 750, 250, 1, 1], [550, 550, 550, 850, 1250, 1100, 850, 200, 1, 1], [550, 550, 550, 850, 1250, 1100, 850, 200, 1, 1], [500, 600, 450, 1000, 1250, 1100, 850, 200, 1, 1], [550, 550, 450, 850, 1250, 1150, 900, 200, 1, 1], [700, 500, 450, 1000, 1250, 1150, 950, 200, 1, 1], [450, 400, 600, 900, 1250, 1150, 750, 250, 1, 1], [500, 450, 450, 1250, 1250, 1150, 900, 250, 1, 1], [550, 450, 550, 1000, 1250, 1150, 750, 250, 1, 1], [550, 450, 550, 1000, 1250, 1150, 900, 250, 1, 1], [550, 550, 550, 1000, 1200, 1150, 1050, 200, 1, 1], [450, 400, 600, 900, 1250, 1150, 1050, 200, 1, 1], [550, 500, 450, 1000, 1250, 1150, 1050, 200, 1, 1], [550, 500, 450, 1000, 1250, 1150, 1050, 200, 1, 1], [550, 500, 450, 1000, 1250, 1150, 1050, 200, 1, 1], [450, 400, 600, 900, 1250, 1150, 1050, 250, 1, 1], [550, 450, 550, 1000, 1250, 1150, 1050, 250, 1, 1], [550, 450, 550, 1000, 1250, 1150, 1050, 250, 1, 1], [550, 450, 550, 1000, 1250, 1150, 1050, 250, 1, 1], [550, 450, 550, 1000, 1250, 1150, 1050, 250, 1, 1], [550, 450, 550, 1200, 1250, 1150, 1050, 250, 1, 1]]}