{"mutate": 0.01, "average_fitness_history": [754.8265869865493, 817.6910521004104, 835.2648537057263, 844.3210269130963, 850.1274614817696, 854.9291208445835, 859.5991108424163, 865.9370705464164, 860.7338029320177, 859.6331818676767, 867.6253780912276, 869.8686459761611, 869.1921963885691, 874.0223923928976, 868.9801846343372, 865.3293212052079, 866.7469339841103, 869.3792441651599, 867.1747903765978, 871.5183367486391, 868.9686055183107, 860.6069721722854, 869.4966931740819, 870.931204931186, 861.5377132909967, 866.7700880769954], "add_random": 0.2, "strongest_fitness_history": [948.9674558747336, 958.133539625066, 959.4081054970791, 959.4081054970791, 959.4081054970791, 960.5478354791416, 960.5478354791416, 960.5478354791416, 961.8226757768988, 961.8226757768988, 961.8226757768988, 961.8226757768988, 961.8226757768988, 961.8397967719277, 961.8414439803053, 961.8414439803053, 961.8414439803053, 961.8546317363439, 961.8546317363439, 961.8546317363439, 961.8553345820521, 961.8553345820521, 961.8553345820521, 962.3204720697564, 962.3204720697564, 962.3204720697564], "elite": 0.0, "populationSize": 1000, "generations": 25, "strongest_history": [[450, 600, 650, 1400, 1250, 1100, 750, 100, 1, 1], [600, 500, 550, 1150, 1200, 1150, 900, 200, 1, 1], [600, 500, 550, 1150, 1200, 1150, 750, 250, 1, 1], [600, 500, 550, 1150, 1200, 1150, 750, 250, 1, 1], [2750, 500, 550, 1150, 1200, 1150, 750, 250, 1, 1], [2300, 500, 550, 1150, 1200, 1150, 1050, 200, 1, 1], [2300, 500, 550, 1150, 1200, 1150, 1050, 200, 1, 1], [2300, 500, 550, 1150, 1200, 1150, 1050, 200, 1, 1], [600, 500, 550, 1150, 1200, 1150, 1050, 250, 1, 1], [600, 500, 550, 1150, 1200, 1150, 1050, 250, 1, 1], [600, 500, 550, 1150, 1200, 1150, 1050, 250, 1, 1], [600, 500, 550, 1150, 1200, 1150, 1050, 250, 1, 1], [600, 500, 550, 1150, 1200, 1150, 1050, 250, 1, 1], [450, 500, 550, 1150, 1200, 1150, 1050, 250, 1, 1], [550, 500, 550, 1150, 1200, 1150, 1050, 250, 1, 1], [550, 500, 550, 1150, 1200, 1150, 1050, 250, 1, 1], [550, 500, 550, 1150, 1200, 1150, 1050, 250, 1, 1], [450, 400, 550, 1150, 1200, 1150, 1050, 250, 1, 1], [450, 400, 550, 1150, 1200, 1150, 1050, 250, 1, 1], [450, 400, 550, 1150, 1200, 1150, 1050, 250, 1, 1], [550, 400, 550, 1150, 1200, 1150, 1050, 250, 1, 1], [550, 400, 550, 1150, 1200, 1150, 1050, 250, 1, 1], [550, 400, 550, 1150, 1200, 1150, 1050, 250, 1, 1], [550, 500, 550, 1150, 1250, 1150, 1050, 250, 1, 1], [550, 500, 550, 1150, 1250, 1150, 1050, 250, 1, 1], [550, 500, 550, 1150, 1250, 1150, 1050, 250, 1, 1]]}