{"mutate": 0.01, "average_fitness_history": [752.9089462563618, 818.2079380094707, 826.6004647769518, 836.9112457214453, 844.9605197664637, 851.3593008079181, 854.7378379787426, 859.168670049717, 851.3810150533996, 858.9164861504704, 859.7641366863878, 870.6347833090251, 865.6404466227159, 860.0517780587733, 866.4506769535312, 864.6938878958076, 870.5596816131531, 868.8742595981955, 865.767424852576, 866.5439527329244, 875.9583187528964, 874.4369984670418, 871.2477813995255, 869.6083718301109, 863.3757915514482, 867.9092507728437], "add_random": 0.2, "strongest_fitness_history": [938.0069653573353, 945.5808994498549, 945.5808994498549, 949.012431846682, 951.4384541371825, 951.4384541371825, 951.4384541371825, 953.7554907654777, 954.752621566289, 958.4864007449099, 958.4864007449099, 958.4864007449099, 959.6222721472722, 959.6222721472722, 959.6222721472722, 961.8339733498308, 961.8339733498308, 961.8339733498308, 961.8664226873775, 961.8664226873775, 962.2982403105487, 962.2982403105487, 962.2982403105487, 962.3137694388748, 962.3137694388748, 962.3137694388748], "elite": 0.0, "populationSize": 1000, "generations": 25, "strongest_history": [[750, 600, 400, 1400, 1100, 1000, 750, 150, 1, 1], [700, 500, 600, 1300, 800, 1150, 700, 150, 1, 1], [700, 500, 600, 1300, 800, 1150, 700, 150, 1, 1], [450, 450, 550, 1500, 1050, 1100, 600, 200, 1, 1], [450, 500, 400, 950, 1250, 1050, 650, 250, 1, 1], [450, 500, 400, 950, 1250, 1050, 650, 250, 1, 1], [450, 500, 400, 950, 1250, 1050, 650, 250, 1, 1], [650, 400, 800, 1200, 1200, 1150, 700, 250, 1, 1], [450, 500, 400, 1900, 1150, 1150, 950, 250, 1, 1], [450, 450, 550, 1500, 1200, 1150, 700, 250, 1, 1], [450, 450, 550, 1500, 1200, 1150, 700, 250, 1, 1], [450, 450, 550, 1500, 1200, 1150, 700, 250, 1, 1], [450, 600, 400, 850, 1250, 1150, 1050, 250, 1, 1], [450, 600, 400, 850, 1250, 500, 1050, 250, 1, 1], [450, 600, 400, 850, 1250, 1150, 1050, 250, 1, 1], [450, 450, 550, 1200, 1200, 1150, 1050, 250, 1, 1], [450, 450, 550, 1200, 1200, 1150, 1050, 250, 1, 1], [450, 450, 550, 1200, 1200, 1150, 1050, 250, 1, 1], [550, 550, 350, 1200, 1250, 1150, 1050, 250, 1, 1], [550, 550, 350, 1200, 1250, 1150, 1050, 250, 1, 1], [450, 500, 550, 1200, 1250, 1150, 1050, 250, 1, 1], [450, 500, 550, 1200, 1250, 1150, 1050, 250, 1, 1], [450, 500, 550, 1200, 1250, 1150, 1050, 250, 1, 1], [550, 450, 550, 1200, 1250, 1150, 1050, 250, 1, 1], [550, 450, 550, 1200, 1250, 1150, 1050, 250, 1, 1], [550, 450, 550, 1200, 1250, 1150, 1050, 250, 1, 1]]}