{"mutate": 0.01, "average_fitness_history": [749.9469418811823, 810.5287810447127, 820.371651226283, 830.2347739288737, 838.6571138462233, 846.1189567218149, 858.4935010249961, 856.6006138491941, 858.7340582268931, 856.5888806524599, 863.4349644679227, 863.3163590713049, 863.4659160138434, 862.800000419326, 866.7398048409231, 864.8504457120027, 872.174067866541, 864.6663722673771, 863.1109960881897, 864.3011130721278, 873.0673086673963, 872.0827688483516, 868.6022363625212, 861.6094317126151, 874.4280878815132, 865.8873682573995], "add_random": 0.2, "strongest_fitness_history": [924.8456666828451, 943.4393240806126, 943.4393240806126, 946.3798993398609, 946.3798993398609, 952.3597191205628, 954.0630175549773, 954.0630175549773, 959.6142429590301, 959.6142429590301, 959.6142429590301, 959.6142429590301, 961.9944518316674, 961.9944518316674, 962.118722883765, 962.118722883765, 962.118722883765, 962.118722883765, 962.2967351886232, 962.2967351886232, 962.2967351886232, 962.2967351886232, 962.2967351886232, 962.2967351886232, 962.2967351886232, 962.3130589500779], "elite": 0.0, "populationSize": 1000, "generations": 25, "strongest_history": [[800, 650, 400, 1600, 700, 850, 750, 250, 1, 1], [700, 450, 800, 1850, 1200, 850, 1050, 200, 1, 1], [700, 450, 800, 1850, 1200, 850, 1050, 200, 1, 1], [500, 750, 450, 1200, 1250, 1150, 800, 100, 1, 1], [500, 750, 450, 1200, 1250, 1150, 800, 100, 1, 1], [500, 500, 500, 1100, 1000, 1100, 1050, 200, 1, 1], [700, 450, 450, 1200, 1250, 1150, 800, 100, 1, 1], [700, 450, 450, 1200, 1250, 1150, 800, 100, 1, 1], [450, 450, 600, 1350, 1250, 1100, 1050, 250, 1, 1], [450, 450, 600, 1350, 1250, 1100, 1050, 250, 1, 1], [450, 450, 600, 1350, 1250, 1100, 1050, 250, 1, 1], [450, 450, 600, 1350, 1250, 1100, 1050, 250, 1, 1], [650, 400, 450, 1200, 1250, 1150, 1050, 250, 1, 1], [650, 400, 450, 1200, 1250, 1150, 1050, 250, 1, 1], [500, 400, 450, 1200, 1250, 1150, 1050, 250, 1, 1], [500, 400, 450, 1200, 1250, 1150, 1050, 250, 1, 1], [500, 400, 450, 1200, 1250, 1150, 1050, 250, 1, 1], [500, 400, 450, 1200, 1250, 1150, 1050, 250, 1, 1], [600, 450, 550, 1200, 1250, 1150, 1050, 250, 1, 1], [600, 450, 550, 1200, 1250, 1150, 1050, 250, 1, 1], [600, 450, 550, 1200, 1250, 1150, 1050, 250, 1, 1], [600, 450, 550, 1200, 1250, 1150, 1050, 250, 1, 1], [600, 450, 550, 1200, 1250, 1150, 1050, 250, 1, 1], [600, 450, 550, 1200, 1250, 1150, 1050, 250, 1, 1], [600, 450, 550, 1200, 1250, 1150, 1050, 250, 1, 1], [500, 450, 550, 1200, 1250, 1150, 1050, 250, 1, 1]]}