{"mutate": 0.01, "average_fitness_history": [756.636971115047, 816.2148978427794, 833.3068416554114, 840.3300846373952, 849.7604826487269, 855.5782172331708, 863.8081958315315, 862.768653637902, 863.4322616337391, 861.3279187191649, 867.8148145016028, 861.5320084619378, 868.4962633190222, 865.9670944090176, 866.1954640074007, 866.3266930855634, 865.5747587296617, 867.0326112663511, 866.4847531282234, 880.5974350648752, 875.0964679915347, 872.9128084819179, 862.290167206526, 865.5892154398166, 874.129816419671, 867.104938865214], "add_random": 0.2, "strongest_fitness_history": [935.1958157462532, 944.9832542381645, 945.9728128278203, 951.8974049048496, 951.8974049048496, 954.4844995526356, 957.0259809926098, 957.2918998534234, 958.3076238312491, 959.3629162642267, 959.5797420876935, 960.7624954763296, 960.7624954763296, 962.0318209880289, 962.0318209880289, 962.0318209880289, 962.0620530200916, 962.0620530200916, 962.0620530200916, 962.2406293218481, 962.2406293218481, 962.2406293218481, 962.2561555740784, 962.2561555740784, 962.2561555740784, 962.2561555740784], "elite": 0.0, "populationSize": 1000, "generations": 25, "strongest_history": [[950, 650, 350, 1650, 950, 1150, 650, 150, 1, 1], [900, 500, 400, 950, 1250, 1050, 750, 200, 1, 1], [700, 550, 450, 1950, 950, 1150, 750, 150, 1, 1], [550, 400, 450, 1400, 1200, 1100, 950, 100, 1, 1], [550, 400, 450, 1400, 1200, 1100, 950, 100, 1, 1], [600, 600, 600, 1900, 1250, 1100, 1050, 200, 1, 1], [550, 400, 450, 1400, 1200, 1100, 950, 250, 1, 1], [550, 400, 450, 1450, 1200, 1150, 800, 200, 1, 1], [450, 500, 400, 950, 1250, 1150, 750, 200, 1, 1], [550, 400, 450, 1400, 1200, 1100, 1050, 250, 1, 1], [600, 500, 400, 950, 1250, 1150, 750, 250, 1, 1], [750, 500, 400, 950, 1250, 1150, 1050, 250, 1, 1], [750, 500, 400, 950, 1250, 1150, 1050, 250, 1, 1], [550, 400, 400, 950, 1250, 1150, 1050, 250, 1, 1], [550, 400, 400, 950, 1250, 1150, 1050, 250, 1, 1], [550, 400, 400, 950, 1250, 1150, 1050, 250, 1, 1], [550, 400, 450, 950, 1250, 1150, 1050, 250, 1, 1], [550, 400, 850, 950, 1250, 1150, 1050, 250, 1, 1], [550, 400, 450, 950, 1250, 1150, 1050, 250, 1, 1], [450, 500, 550, 950, 1250, 1150, 1050, 250, 1, 1], [450, 500, 550, 950, 1250, 1150, 1050, 250, 1, 1], [450, 500, 550, 950, 1250, 1150, 1050, 250, 1, 1], [550, 400, 550, 950, 1250, 1150, 1050, 250, 1, 1], [550, 400, 550, 950, 1250, 1150, 1050, 250, 1, 1], [550, 400, 550, 950, 1250, 1150, 1050, 250, 1, 1], [550, 400, 550, 950, 1250, 1150, 1050, 250, 1, 1]]}