{"mutate": 0.01, "average_fitness_history": [750.5483590744932, 805.407389355823, 831.1320956358023, 837.4383834501031, 846.4322752938094, 849.8714736410952, 859.1773188726453, 856.9514709783793, 853.789300197497, 859.997335754764, 861.8716891597552, 859.0069741188689, 864.4348197095508, 871.9817224778797, 861.9779497869818, 868.847386447142, 870.9561868627252, 868.1920890352471, 867.7186947665639, 861.4994630764039, 873.8977374552442, 871.1510349834598, 868.4813199258333, 868.9988296179379, 870.9702996016593, 866.9502698435091], "add_random": 0.2, "strongest_fitness_history": [939.362204740014, 944.2421323362184, 945.9148258356752, 947.945079442371, 949.1322321396096, 953.6458537036303, 957.9537410174358, 960.620343042263, 960.620343042263, 960.620343042263, 960.620343042263, 961.89871403318, 961.89871403318, 961.89871403318, 961.89871403318, 962.1097167955998, 962.3343332342337, 962.3343332342337, 962.3343332342337, 962.3343332342337, 962.3343332342337, 962.3343332342337, 962.3343332342337, 962.3343332342337, 962.3343332342337, 962.3343332342337], "elite": 0.0, "populationSize": 1000, "generations": 25, "strongest_history": [[800, 450, 500, 1600, 1250, 800, 450, 100, 1, 1], [500, 550, 450, 1450, 1100, 1050, 650, 250, 1, 1], [750, 400, 550, 1150, 1150, 1050, 1000, 200, 1, 1], [550, 550, 400, 850, 1200, 1050, 550, 200, 1, 1], [500, 400, 700, 1300, 1250, 1000, 750, 250, 1, 1], [550, 700, 550, 1150, 1250, 1150, 1050, 200, 1, 1], [750, 400, 550, 1450, 1250, 1150, 1050, 200, 1, 1], [500, 550, 500, 1150, 1250, 1000, 1050, 200, 1, 1], [500, 550, 500, 1150, 1250, 1150, 1050, 200, 1, 1], [500, 550, 500, 1150, 1250, 1150, 1050, 200, 1, 1], [500, 550, 500, 1150, 1250, 1150, 1050, 200, 1, 1], [500, 550, 500, 1150, 1250, 1150, 1050, 250, 1, 1], [500, 550, 500, 1150, 1250, 1150, 1050, 250, 1, 1], [500, 550, 500, 1150, 1250, 1150, 1050, 250, 1, 1], [500, 550, 500, 1150, 1250, 1150, 1050, 250, 1, 1], [500, 400, 400, 1150, 1250, 1150, 1050, 250, 1, 1], [550, 400, 550, 1150, 1250, 1150, 1050, 200, 1, 1], [550, 400, 550, 1150, 1250, 1150, 1050, 250, 1, 1], [550, 400, 550, 1150, 1250, 1150, 1050, 250, 1, 1], [550, 400, 550, 1150, 1250, 1150, 1050, 250, 1, 1], [550, 400, 550, 1150, 1250, 950, 1050, 250, 1, 1], [550, 400, 550, 1150, 1250, 1150, 1050, 250, 1, 1], [550, 400, 550, 1150, 1250, 1150, 1050, 250, 1, 1], [550, 400, 550, 1150, 1250, 1150, 1050, 250, 1, 1], [550, 400, 550, 1150, 1250, 1150, 1050, 250, 1, 1], [550, 400, 550, 1150, 1250, 1150, 1050, 250, 1, 1]]}