{"mutate": 0.01, "average_fitness_history": [746.1621263900553, 812.2304831960436, 830.8646548327844, 840.5498316071996, 844.3030011618212, 849.7246568598551, 856.9824980918163, 854.0586072802548, 859.3172519340769, 855.8928730351573, 862.6369252806193, 866.5972871200075, 862.8964280114091, 870.0118930847077, 869.0717050958303, 862.6196647062575, 866.4809509654227, 868.2941574269378, 867.3324455598047, 868.8670540240853, 868.4269838495453, 866.6250936593616, 875.0288727124469, 865.8870396205955, 875.0529328677769, 867.2188290968186], "add_random": 0.2, "strongest_fitness_history": [928.8499998425907, 939.8060575871481, 942.988573643644, 946.7610607109275, 951.0451998840265, 957.3932034993188, 957.3932034993188, 957.3932034993188, 957.3932034993188, 958.0588302730209, 958.4102193279717, 959.1673172987499, 959.1673172987499, 960.4439920967515, 960.4439920967515, 960.4439920967515, 960.7022230046726, 961.3986710656502, 962.1392672369562, 962.1392672369562, 962.1399711143312, 962.1399711143312, 962.1399711143312, 962.1399711143312, 962.1399711143312, 962.2851872121036], "elite": 0.0, "populationSize": 1000, "generations": 25, "strongest_history": [[750, 400, 850, 950, 750, 1000, 600, 250, 1, 1], [650, 450, 750, 900, 1250, 850, 350, 150, 1, 1], [550, 650, 700, 1450, 1000, 1150, 750, 200, 1, 1], [550, 400, 450, 800, 1200, 850, 800, 200, 1, 1], [500, 400, 500, 850, 1000, 1100, 1050, 200, 1, 1], [550, 400, 450, 1350, 1250, 1100, 1000, 250, 1, 1], [550, 400, 450, 1350, 1250, 1100, 1000, 250, 1, 1], [550, 400, 450, 1350, 1250, 1100, 1000, 250, 1, 1], [550, 400, 450, 1350, 1250, 1100, 1000, 250, 1, 1], [500, 500, 450, 1150, 1250, 1100, 1000, 250, 1, 1], [550, 400, 600, 1400, 1200, 1150, 1000, 250, 1, 1], [500, 500, 450, 1150, 1250, 1100, 1050, 200, 1, 1], [500, 500, 450, 1150, 1250, 1100, 1050, 200, 1, 1], [500, 500, 450, 1150, 1250, 1100, 1050, 250, 1, 1], [500, 500, 450, 1150, 1250, 1100, 1050, 250, 1, 1], [500, 500, 450, 1150, 1250, 1100, 1050, 250, 1, 1], [550, 550, 350, 1350, 1200, 1150, 1050, 250, 1, 1], [500, 500, 450, 1350, 1250, 1150, 1050, 250, 1, 1], [500, 400, 450, 1150, 1250, 1150, 1050, 250, 1, 1], [500, 400, 450, 1150, 1250, 1150, 1050, 250, 1, 1], [550, 400, 450, 1150, 1250, 1150, 1050, 250, 1, 1], [550, 400, 450, 1150, 1250, 1150, 1050, 250, 1, 1], [550, 400, 450, 1150, 1250, 1150, 1050, 250, 1, 1], [550, 400, 450, 1150, 1250, 1150, 1050, 250, 1, 1], [550, 400, 450, 1150, 1250, 1150, 1050, 250, 1, 1], [550, 400, 500, 1150, 1250, 1150, 1050, 250, 1, 1]]}