{"mutate": 0.01, "average_fitness_history": [751.7769565070065, 808.3847889902053, 832.1459664480725, 844.5522265074322, 849.7040886697665, 856.2543225745555, 861.4661736801093, 859.1756094427778, 865.7185618641572, 863.1711741004099, 863.5131646014305, 864.3429407166738, 874.3278997838795, 859.7018615637191, 866.5520456267805, 865.6742126177484, 862.909374741035, 864.0415200733155, 864.626338946067, 872.7255202219405, 865.891011790623, 868.4962618979657, 864.5857324399318, 869.58530063268, 865.8875646718237, 877.6012834465465], "add_random": 0.2, "strongest_fitness_history": [946.360719867481, 946.360719867481, 949.129472784936, 952.668057796127, 955.3812600126731, 955.4004603610863, 955.4004603610863, 958.2305981100075, 958.2305981100075, 959.2455609976015, 959.5174510518681, 959.5174510518681, 959.5174510518681, 959.5174510518681, 959.6878906935225, 960.8975694564591, 961.0855579249304, 962.2527452997422, 962.2527452997422, 962.269687151474, 962.3112506320833, 962.3112506320833, 962.3112506320833, 962.3204720697564, 962.3343292049161, 962.3343292049161], "elite": 0.0, "populationSize": 1000, "generations": 25, "strongest_history": [[700, 450, 350, 800, 1050, 1100, 850, 200, 1, 1], [700, 450, 350, 800, 1050, 1100, 850, 200, 1, 1], [750, 650, 450, 1950, 1150, 1150, 850, 250, 1, 1], [650, 500, 650, 1100, 1200, 1150, 950, 100, 1, 1], [700, 450, 650, 1150, 1200, 1100, 850, 250, 1, 1], [550, 550, 350, 1450, 1250, 1100, 1050, 150, 1, 1], [550, 550, 350, 1450, 1250, 1100, 1050, 150, 1, 1], [650, 500, 500, 1500, 1200, 1150, 850, 250, 1, 1], [650, 500, 500, 1500, 1200, 1150, 850, 250, 1, 1], [550, 550, 350, 1450, 1250, 1100, 1050, 250, 1, 1], [700, 450, 550, 950, 1250, 1100, 1050, 250, 1, 1], [700, 450, 550, 950, 1250, 1100, 1050, 250, 1, 1], [700, 450, 550, 950, 1250, 1100, 1050, 250, 1, 1], [700, 450, 550, 950, 1250, 1100, 1050, 250, 1, 1], [2400, 450, 550, 1450, 1250, 1100, 1050, 250, 1, 1], [550, 550, 350, 1450, 1250, 1150, 1050, 250, 1, 1], [650, 500, 500, 1500, 1250, 1150, 1050, 250, 1, 1], [600, 500, 500, 1150, 550, 1150, 1050, 250, 1, 1], [600, 500, 500, 1150, 1250, 1150, 1050, 250, 1, 1], [450, 500, 500, 1150, 1250, 1150, 1050, 250, 1, 1], [550, 450, 550, 1100, 1250, 1150, 1050, 250, 1, 1], [550, 450, 550, 1100, 1250, 1150, 1050, 250, 1, 1], [550, 450, 550, 1100, 1250, 1150, 1050, 250, 1, 1], [550, 500, 550, 1150, 1250, 1150, 1050, 250, 1, 1], [550, 450, 550, 1150, 1250, 1150, 1050, 250, 1, 1], [550, 450, 550, 1150, 1250, 1150, 1050, 250, 1, 1]]}