{"mutate": 0.01, "average_fitness_history": [749.9661162871681, 817.898643645985, 834.4112829917133, 841.9371159698735, 850.2725641394568, 850.8167512941573, 859.5321718192521, 857.0712221320649, 861.634740408227, 860.6188476215674, 855.1200358938454, 853.2219592450232, 859.2337879737162, 860.7249894855087, 868.3415525331675, 864.253652164635, 867.9143249642592, 866.4697675057329, 868.0615454362049, 865.4246716540804, 867.8735166232732, 867.8800031120836, 868.2452953926903, 869.8006501265285, 868.9288274410065, 866.988173661831], "add_random": 0.2, "strongest_fitness_history": [935.6090882577787, 938.8469553722076, 947.2187219229421, 947.2187219229421, 957.058298452346, 957.058298452346, 957.058298452346, 957.058298452346, 957.058298452346, 961.5735178878737, 961.5735178878737, 961.5735178878737, 961.5735178878737, 961.5735178878737, 961.6393199355219, 961.7538991354764, 961.7710207113839, 962.2491634146359, 962.2491634146359, 962.2491634146359, 962.2491634146359, 962.2646589380022, 962.2646589380022, 962.2646589380022, 962.3112546635437, 962.3112546635437], "elite": 0.0, "populationSize": 1000, "generations": 25, "strongest_history": [[900, 700, 450, 1950, 850, 1150, 600, 200, 1, 1], [500, 850, 350, 750, 1250, 1150, 600, 200, 1, 1], [600, 550, 650, 900, 1150, 850, 700, 250, 1, 1], [600, 550, 650, 900, 1150, 850, 700, 250, 1, 1], [650, 550, 550, 750, 1250, 1150, 1050, 250, 1, 1], [650, 550, 550, 750, 1250, 1150, 1050, 250, 1, 1], [650, 550, 550, 750, 1250, 1150, 1050, 250, 1, 1], [650, 550, 550, 750, 1250, 1150, 1050, 250, 1, 1], [650, 550, 550, 750, 1250, 1150, 1050, 250, 1, 1], [550, 400, 400, 1300, 1250, 1150, 1050, 250, 1, 1], [550, 400, 400, 1300, 1250, 1150, 1050, 250, 1, 1], [550, 400, 400, 1300, 1250, 1150, 1050, 250, 1, 1], [550, 400, 400, 1300, 1250, 1150, 1050, 250, 1, 1], [550, 400, 400, 1300, 1250, 1150, 1050, 250, 1, 1], [550, 400, 450, 1100, 850, 1150, 1050, 250, 1, 1], [600, 500, 500, 1200, 1200, 1150, 1050, 250, 1, 1], [500, 500, 500, 1200, 1200, 1150, 1050, 250, 1, 1], [500, 500, 500, 1200, 1250, 1150, 1050, 250, 1, 1], [500, 500, 500, 1200, 1250, 1150, 1050, 250, 1, 1], [500, 500, 500, 1200, 1250, 1150, 1050, 250, 1, 1], [500, 500, 500, 1200, 1250, 1150, 1050, 250, 1, 1], [550, 400, 500, 1200, 1250, 1150, 1050, 250, 1, 1], [550, 400, 500, 1200, 1250, 1150, 1050, 250, 1, 1], [850, 400, 500, 1200, 1250, 1150, 1050, 250, 1, 1], [550, 400, 550, 1100, 1250, 1150, 1050, 250, 1, 1], [550, 400, 550, 1100, 1250, 1150, 1050, 250, 1, 1]]}