{"mutate": 0.01, "average_fitness_history": [753.0410925591722, 811.105470073509, 823.8564740394066, 839.2490221572388, 844.0500732972905, 849.556340697806, 855.4036648754436, 851.9088678554587, 860.596413911858, 863.1119666950256, 861.8576926938421, 866.807264072127, 866.785596769808, 863.9345076335112, 869.5498470205322, 870.0889082897672, 864.7710964093633, 872.6787987242626, 868.4195528081467, 865.6878059664308, 861.8524034387892, 861.9882591722954, 870.5270787486621, 864.900894853192, 866.0237661252621, 872.8119974776929], "add_random": 0.2, "strongest_fitness_history": [951.0613232494043, 951.0613232494043, 951.0613232494043, 951.4344930161069, 953.4589313210707, 959.0140054512024, 959.0140054512024, 959.015514819149, 959.015514819149, 960.1531918078296, 961.3314104263594, 961.3314104263594, 961.7766194282266, 961.7766194282266, 961.7766220900351, 961.7766220900351, 961.9544684812214, 962.0613375862551, 962.0613375862551, 962.0613375862551, 962.2561555740784, 962.2561555740784, 962.2561555740784, 962.2561555740784, 962.2561555740784, 962.2561555740784], "elite": 0.0, "populationSize": 1000, "generations": 25, "strongest_history": [[450, 400, 350, 950, 1200, 1050, 650, 250, 1, 1], [450, 400, 350, 950, 1200, 1050, 650, 250, 1, 1], [450, 400, 350, 950, 1200, 1050, 650, 250, 1, 1], [650, 400, 600, 2050, 1150, 1100, 900, 200, 1, 1], [650, 400, 350, 1550, 1150, 1150, 600, 200, 1, 1], [500, 550, 450, 950, 1150, 1150, 1050, 250, 1, 1], [500, 550, 450, 950, 1150, 1150, 1050, 250, 1, 1], [550, 550, 450, 950, 1150, 1150, 1050, 250, 1, 1], [550, 550, 450, 950, 1150, 1150, 1050, 250, 1, 1], [450, 400, 550, 1000, 1200, 1100, 1050, 250, 1, 1], [550, 550, 350, 1000, 1200, 1150, 1050, 250, 1, 1], [550, 550, 350, 1000, 1200, 1150, 1050, 250, 1, 1], [450, 400, 550, 1000, 1200, 1150, 1050, 250, 1, 1], [450, 400, 550, 1000, 1200, 1150, 1050, 250, 1, 1], [500, 400, 550, 1000, 1200, 1150, 1050, 250, 1, 1], [500, 400, 550, 1000, 1200, 1150, 1050, 250, 1, 1], [650, 400, 550, 1000, 1250, 1150, 1050, 250, 1, 1], [450, 450, 450, 1000, 1250, 1150, 1050, 250, 1, 1], [450, 450, 450, 1000, 1250, 1150, 1050, 250, 1, 1], [450, 450, 450, 1000, 1250, 1150, 1050, 250, 1, 1], [550, 400, 550, 1000, 1250, 1150, 1050, 250, 1, 1], [550, 400, 550, 1000, 1250, 1150, 1050, 250, 1, 1], [550, 400, 550, 1000, 1250, 1150, 1050, 250, 1, 1], [550, 400, 550, 1000, 1250, 1150, 1050, 250, 1, 1], [550, 400, 550, 1000, 1250, 1150, 1050, 250, 1, 1], [550, 400, 550, 1000, 1250, 1150, 1050, 250, 1, 1]]}