{"mutate": 0.01, "average_fitness_history": [746.5399945665117, 812.8780078143548, 821.7764293303229, 835.2951186947572, 837.3707647451017, 849.1910527658138, 856.1626914970573, 855.4404560804487, 858.2644112633509, 857.3953628537851, 858.9874613774517, 865.86128759409, 868.5892346646019, 867.0175324970529, 864.8619270982521, 870.6510681621091, 870.5055205281635, 872.4139455796249, 873.898046492445, 869.4242415542204, 869.5517206835281, 867.8009644055991, 860.254120111664, 874.2334026523937, 878.6524153041353, 870.3866561989558], "add_random": 0.2, "strongest_fitness_history": [922.3012948540755, 930.9419315983955, 944.216599118473, 949.2025616917948, 955.3359414845382, 961.5923774683588, 961.5923774683588, 961.5923774683588, 961.5923774683588, 961.5923774683588, 961.5923774683588, 961.5923774683588, 961.5923774683588, 961.6113334709371, 961.7858239132564, 961.7865200993701, 961.7865241933243, 962.0711448980827, 962.0711448980827, 962.263949524167, 962.263949524167, 962.264654906724, 962.264654906724, 962.264654906724, 962.2646589380022, 962.268182124302], "elite": 0.0, "populationSize": 1000, "generations": 25, "strongest_history": [[850, 550, 500, 1350, 650, 750, 350, 250, 1, 1], [450, 600, 650, 750, 800, 750, 750, 100, 1, 1], [600, 500, 600, 1350, 1150, 1050, 500, 200, 1, 1], [850, 550, 450, 1950, 1200, 1150, 850, 150, 1, 1], [650, 400, 500, 1200, 1200, 1150, 850, 150, 1, 1], [650, 400, 500, 1200, 1200, 1150, 1050, 250, 1, 1], [650, 400, 500, 1200, 1200, 1150, 1050, 250, 1, 1], [650, 400, 500, 1200, 1200, 1150, 1050, 250, 1, 1], [650, 400, 500, 1200, 1200, 1150, 1050, 250, 1, 1], [650, 400, 500, 1200, 1200, 1150, 1050, 250, 1, 1], [650, 400, 500, 1200, 1200, 1150, 1050, 250, 1, 1], [650, 400, 500, 1200, 1200, 1150, 1050, 250, 1, 1], [650, 400, 500, 1200, 1200, 1150, 1050, 250, 1, 1], [450, 400, 400, 1200, 1200, 1150, 1050, 250, 1, 1], [450, 400, 500, 1200, 1200, 1150, 1050, 250, 1, 1], [550, 450, 500, 1200, 1200, 1150, 1050, 250, 1, 1], [550, 400, 500, 1200, 1200, 450, 1050, 250, 1, 1], [650, 400, 1950, 1200, 1250, 1150, 1050, 250, 1, 1], [650, 400, 500, 1200, 1250, 1150, 1050, 250, 1, 1], [450, 400, 500, 1200, 1250, 1150, 1050, 250, 1, 1], [450, 400, 500, 1200, 1250, 1150, 1050, 250, 1, 1], [550, 450, 500, 1200, 1250, 1150, 1050, 250, 1, 1], [550, 450, 500, 1200, 1250, 1150, 1050, 250, 1, 1], [550, 450, 500, 1200, 1250, 1150, 1050, 250, 1, 1], [550, 400, 500, 1200, 1250, 1150, 1050, 250, 1, 1], [600, 400, 500, 1150, 1250, 1150, 1050, 250, 1, 1]]}