{"mutate": 0.01, "average_fitness_history": [745.3143168179221, 800.2998082877589, 827.5269359432194, 834.684384301343, 842.2276061253897, 846.5813139294029, 847.0724545973014, 858.9350547222756, 855.2912882130015, 859.4656939594294, 859.8176345595731, 863.041636866507, 870.7616949944894, 863.3868835418302, 870.525224231074, 870.0703626916539, 862.8822317617092, 864.3354175605893, 861.9976664554289, 874.0958252252443, 863.2354210035519, 867.6294358145076, 870.2112193574812, 875.0038108270005, 867.9977316810235, 869.5181964417592], "add_random": 0.2, "strongest_fitness_history": [942.5491497054004, 942.5491497054004, 942.5491497054004, 946.2204925057199, 947.9098358246526, 953.2547526768041, 954.9750026044952, 957.7909445227116, 957.7909445227116, 957.7909445227116, 958.8161828462158, 959.9548344286532, 959.9548344286532, 960.1189195446465, 960.1873935053487, 961.5541903733588, 961.5541903733588, 961.7121476441135, 961.7121476441135, 961.7121476441135, 961.7900029307476, 961.8918224759467, 961.8692215113583, 962.0150368121166, 962.1901596677749, 962.2681780931503], "elite": 0.0, "populationSize": 1000, "generations": 25, "strongest_history": [[650, 550, 600, 1550, 1100, 900, 950, 250, 1, 1], [650, 550, 600, 1550, 1100, 900, 950, 250, 1, 1], [650, 550, 600, 1550, 1100, 900, 950, 250, 1, 1], [600, 400, 500, 1650, 1200, 1050, 1050, 100, 1, 1], [600, 550, 800, 750, 1200, 1150, 650, 200, 1, 1], [600, 400, 500, 1650, 1200, 1150, 1000, 150, 1, 1], [650, 550, 450, 1150, 1200, 1150, 850, 150, 1, 1], [600, 550, 500, 1250, 1200, 1150, 1050, 200, 1, 1], [600, 550, 500, 1250, 1200, 1150, 1050, 200, 1, 1], [600, 550, 500, 1250, 1200, 1150, 1050, 200, 1, 1], [650, 550, 450, 1150, 1200, 1150, 850, 250, 1, 1], [650, 550, 450, 1150, 1200, 1150, 1050, 200, 1, 1], [650, 550, 450, 1150, 1200, 1150, 1050, 200, 1, 1], [600, 550, 450, 1150, 1200, 1150, 1050, 200, 1, 1], [650, 400, 450, 1000, 1200, 1150, 1050, 200, 1, 1], [550, 400, 350, 1000, 1200, 1150, 1050, 250, 1, 1], [550, 400, 350, 1000, 1200, 1150, 1050, 250, 1, 1], [600, 400, 500, 950, 1200, 1150, 1050, 250, 1, 1], [600, 400, 500, 950, 1200, 1150, 1050, 250, 1, 1], [600, 400, 500, 950, 1200, 1150, 1050, 250, 1, 1], [600, 450, 500, 1150, 1200, 1150, 1050, 250, 1, 1], [450, 550, 450, 950, 1250, 1150, 1050, 250, 1, 1], [600, 550, 450, 1150, 1250, 1150, 1050, 250, 1, 1], [650, 400, 450, 1150, 1250, 1150, 1050, 250, 1, 1], [600, 400, 500, 1000, 1250, 1150, 1050, 250, 1, 1], [600, 450, 500, 1150, 1250, 1150, 1050, 250, 1, 1]]}