{"mutate": 0.01, "average_fitness_history": [749.8936265238079, 813.3344036198861, 835.3926401058073, 836.2333627840129, 842.9086327137543, 853.5421621573627, 865.1056062473954, 862.8823305287654, 869.6013492874721, 858.6277171369724, 860.3876603454462, 867.1878678577856, 872.6947645233855, 866.9821629238033, 865.8688158115477, 868.5485334175766, 873.6595612871669, 857.9487531430435, 871.2597858310037, 869.2899241515589, 869.8935583147968, 865.642356472554, 863.829368039534, 868.3989305724906, 859.3757765633561, 864.9696568348437], "add_random": 0.2, "strongest_fitness_history": [946.9274904658216, 948.8381289550584, 948.8381289550584, 948.8381289550584, 954.6484776348334, 956.455958165806, 956.455958165806, 956.8562509689586, 957.932603814343, 958.4385356966086, 961.6112883685753, 961.6112883685753, 961.6112883685753, 961.6112883685753, 961.6112883685753, 962.085570008944, 962.0891253544271, 962.0891253544271, 962.0891253544271, 962.0891253544271, 962.0891705396969, 962.118722883765, 962.1194265034827, 962.1194265034827, 962.1194265034827, 962.1194265034827], "elite": 0.0, "populationSize": 1000, "generations": 25, "strongest_history": [[450, 600, 350, 1200, 1200, 650, 650, 250, 1, 1], [600, 450, 400, 2050, 1200, 900, 800, 250, 1, 1], [600, 450, 400, 2050, 1200, 900, 800, 250, 1, 1], [600, 450, 400, 2050, 1200, 900, 800, 250, 1, 1], [550, 500, 650, 1800, 1250, 1150, 600, 200, 1, 1], [450, 600, 350, 1200, 1200, 1150, 600, 200, 1, 1], [450, 600, 350, 1200, 1200, 1150, 600, 200, 1, 1], [550, 500, 650, 1200, 1200, 1150, 850, 200, 1, 1], [450, 400, 350, 1200, 1200, 1150, 950, 200, 1, 1], [750, 600, 450, 900, 1200, 1150, 1050, 250, 1, 1], [450, 400, 350, 1200, 1200, 1150, 1050, 250, 1, 1], [450, 400, 350, 1200, 1200, 1150, 1050, 250, 1, 1], [450, 400, 350, 1200, 1200, 1150, 1050, 250, 1, 1], [450, 400, 350, 1200, 1200, 1150, 1050, 250, 1, 1], [500, 400, 350, 1200, 1200, 1150, 1050, 250, 1, 1], [600, 450, 400, 1200, 1250, 1150, 1050, 250, 1, 1], [550, 400, 350, 1200, 1250, 1150, 1050, 250, 1, 1], [550, 400, 350, 1200, 1250, 1150, 1050, 250, 1, 1], [550, 400, 350, 1200, 1250, 1150, 1050, 250, 1, 1], [550, 400, 350, 1200, 1250, 1150, 1050, 250, 1, 1], [550, 450, 1500, 1200, 1250, 1150, 1050, 250, 1, 1], [500, 400, 450, 1200, 1250, 1150, 1050, 250, 1, 1], [550, 400, 450, 1200, 1250, 1150, 1050, 250, 1, 1], [550, 400, 450, 1200, 1250, 1150, 1050, 250, 1, 1], [550, 400, 450, 1200, 1250, 1150, 1050, 250, 1, 1], [550, 400, 450, 1200, 1250, 1150, 1050, 250, 1, 1]]}