{"mutate": 0.01, "average_fitness_history": [751.9861888696829, 811.4962879888044, 829.3723411409877, 838.2913249231942, 850.869523463554, 857.0881266944625, 858.5877889980239, 853.296186043465, 864.1357636770028, 862.440438737982, 866.000982386576, 861.2463311354501, 867.9887661696102, 862.7836524809327, 874.5404166112379, 866.9146430920073, 867.5802694149008, 873.220339041502, 870.7371599063497, 868.700148581225, 873.8586376196148, 869.4813363277361, 869.9744030006016, 871.5922601737894, 873.1537999754937, 870.9281553862664], "add_random": 0.2, "strongest_fitness_history": [948.0339375044864, 949.4675972444934, 949.8963644028794, 953.6118273535786, 957.892417186206, 958.1260576948629, 958.1260576948629, 958.1260576948629, 958.1260576948629, 958.1260576948629, 961.8064398150457, 961.8064398150457, 961.8064398150457, 961.8064398150457, 961.8064424730394, 962.2844775414708, 962.2844775414708, 962.2851872121036, 962.2851872121036, 962.2851872121036, 962.2851872121036, 962.2851872121036, 962.2851872121036, 962.3336212217234, 962.3336212217234, 962.3336212217234], "elite": 0.0, "populationSize": 1000, "generations": 25, "strongest_history": [[550, 450, 400, 1950, 1250, 950, 900, 200, 1, 1], [500, 450, 550, 1350, 1250, 800, 600, 200, 1, 1], [750, 450, 800, 1150, 1200, 1150, 850, 200, 1, 1], [450, 400, 700, 1850, 1150, 1100, 1050, 250, 1, 1], [500, 450, 550, 1350, 1250, 1150, 950, 200, 1, 1], [450, 400, 500, 1150, 1200, 1150, 850, 200, 1, 1], [450, 400, 500, 1150, 1200, 1150, 850, 200, 1, 1], [450, 400, 500, 1150, 1200, 1150, 850, 200, 1, 1], [450, 400, 500, 1150, 1200, 1150, 850, 200, 1, 1], [450, 400, 500, 1150, 1200, 1150, 850, 200, 1, 1], [450, 400, 500, 1150, 1200, 1150, 1050, 250, 1, 1], [450, 400, 500, 1150, 1200, 1150, 1050, 250, 1, 1], [450, 400, 500, 1150, 1200, 1150, 1050, 250, 1, 1], [450, 400, 500, 1150, 1200, 1150, 1050, 250, 1, 1], [500, 400, 500, 1150, 1200, 1150, 1050, 250, 1, 1], [450, 400, 500, 1150, 1250, 1150, 1050, 250, 1, 1], [450, 400, 500, 1150, 1250, 1150, 1050, 250, 1, 1], [550, 400, 500, 1150, 1250, 1150, 1050, 250, 1, 1], [550, 400, 500, 1150, 1250, 1150, 1050, 250, 1, 1], [550, 400, 500, 1150, 1250, 1150, 1050, 250, 1, 1], [550, 400, 500, 1150, 1250, 1150, 1050, 250, 1, 1], [550, 400, 500, 1150, 1250, 1150, 1050, 250, 1, 1], [550, 400, 500, 1150, 1250, 1150, 1050, 250, 1, 1], [450, 400, 550, 1150, 1250, 1150, 1050, 250, 1, 1], [450, 400, 550, 1150, 1250, 1150, 1050, 250, 1, 1], [450, 400, 550, 1150, 1250, 1150, 1050, 250, 1, 1]]}