{"mutate": 0.01, "average_fitness_history": [752.6692153078031, 806.6150830583391, 825.4187405913609, 833.893061818361, 845.8993210251986, 854.4837837889693, 858.6712764109175, 861.1292978108207, 861.3716929140538, 859.449414389071, 865.5670524534471, 864.2344272314756, 867.689982962297, 861.6348991619768, 869.852980588455, 868.7667206416719, 865.0047880027439, 868.2345953975853, 877.2145191976485, 873.1541322942616, 869.8780106992298, 861.0333321721405, 861.7253775653803, 870.4068972932064, 873.3054322541436, 875.6126239616611], "add_random": 0.2, "strongest_fitness_history": [942.6612020309822, 942.6612020309822, 945.3223530395323, 954.0748112457317, 954.0748112457317, 956.4825799006682, 956.6297980867308, 957.1126047115318, 957.9090037200747, 959.426057224743, 960.4388691011544, 960.4388691011544, 960.4388691011544, 961.626856272756, 961.626856272756, 961.7916323668953, 961.8398045968324, 961.8546344005458, 961.8546344005458, 962.2614456242056, 962.2614456242056, 962.2614456242056, 962.2957356999923, 962.2957356999923, 962.3336238954655, 962.3336238954655], "elite": 0.0, "populationSize": 1000, "generations": 25, "strongest_history": [[650, 750, 500, 1100, 1150, 1150, 600, 100, 1, 1], [650, 750, 500, 1100, 1150, 1150, 600, 100, 1, 1], [700, 450, 550, 1600, 1200, 700, 550, 200, 1, 1], [750, 450, 500, 1900, 1200, 1150, 550, 200, 1, 1], [750, 450, 500, 1900, 1200, 1150, 550, 200, 1, 1], [700, 400, 600, 1150, 1200, 1150, 1050, 150, 1, 1], [700, 400, 600, 1150, 1200, 1150, 650, 200, 1, 1], [450, 500, 500, 1100, 1150, 1150, 800, 250, 1, 1], [700, 400, 600, 1150, 1200, 1150, 650, 250, 1, 1], [500, 500, 550, 1150, 1200, 1150, 650, 250, 1, 1], [450, 550, 400, 1500, 1200, 1150, 1050, 250, 1, 1], [450, 550, 400, 1500, 1200, 1150, 1050, 250, 1, 1], [450, 550, 400, 1500, 1200, 1150, 1050, 250, 1, 1], [450, 500, 350, 1150, 1200, 1150, 1050, 250, 1, 1], [450, 500, 350, 1150, 1200, 1150, 1050, 250, 1, 1], [450, 500, 500, 1150, 1200, 1150, 1050, 250, 1, 1], [500, 500, 550, 1150, 1200, 1150, 1050, 250, 1, 1], [500, 400, 550, 1150, 1200, 1150, 1050, 250, 1, 1], [500, 400, 550, 1150, 1200, 1150, 1050, 250, 1, 1], [450, 450, 500, 1100, 1250, 1150, 1050, 250, 1, 1], [450, 450, 500, 1100, 1250, 1150, 1050, 250, 1, 1], [450, 450, 500, 1100, 1250, 1150, 1050, 250, 1, 1], [500, 500, 550, 1100, 1250, 1150, 1050, 250, 1, 1], [500, 500, 550, 1100, 1250, 1150, 1050, 250, 1, 1], [500, 400, 550, 1150, 1250, 1150, 1050, 250, 1, 1], [500, 400, 550, 1150, 1250, 1150, 1050, 250, 1, 1]]}