{"mutate": 0.01, "average_fitness_history": [748.907232013609, 811.0323087920466, 827.391595478361, 841.0000072115694, 839.8445276234498, 848.8599647146349, 854.0783314787178, 857.7468087988922, 868.3247928242557, 858.1944551145476, 861.0946373639199, 869.8881075765296, 867.343295845782, 864.843409968259, 865.3409644985085, 867.4970746742949, 869.5973680003126, 865.3770370232185, 874.4767775259642, 872.1498725016057, 865.3124568795824, 870.5117438991178, 877.362519012546, 871.926409639442, 872.1007695729695, 872.2398719303378], "add_random": 0.2, "strongest_fitness_history": [943.7511045077734, 943.7511045077734, 953.9541377816868, 953.9541377816868, 953.9541377816868, 953.9541377816868, 960.2482513108272, 960.2482513108272, 960.2482513108272, 961.5265308757678, 961.5265308757678, 961.5265308757678, 961.5265308757678, 961.8757558447281, 961.8757558447281, 962.0955983399692, 962.2297223522903, 962.2466760937034, 962.2466760937034, 962.2713503509495, 962.2713503509495, 962.2713503509495, 962.2713503509495, 962.2713503509495, 962.2713503509495, 962.2713503509495], "elite": 0.0, "populationSize": 1000, "generations": 25, "strongest_history": [[650, 450, 350, 950, 900, 1050, 700, 200, 1, 1], [650, 450, 350, 950, 900, 1050, 700, 200, 1, 1], [600, 500, 500, 1400, 250, 1150, 950, 100, 1, 1], [600, 500, 500, 1400, 1250, 1150, 950, 100, 1, 1], [600, 500, 500, 1400, 1250, 1150, 950, 100, 1, 1], [600, 500, 500, 1400, 1250, 1150, 950, 100, 1, 1], [600, 500, 500, 1400, 1250, 1150, 1050, 200, 1, 1], [600, 500, 500, 1400, 1250, 1150, 1050, 200, 1, 1], [600, 500, 500, 1400, 1250, 1150, 1050, 200, 1, 1], [600, 500, 500, 1400, 1250, 1150, 1050, 250, 1, 1], [600, 500, 500, 1400, 1250, 1150, 1050, 250, 1, 1], [600, 500, 500, 1400, 1250, 1150, 1050, 250, 1, 1], [600, 500, 500, 1400, 1250, 1150, 1050, 250, 1, 1], [450, 550, 500, 1100, 1250, 1150, 1050, 250, 1, 1], [450, 550, 500, 1100, 1250, 1150, 1050, 250, 1, 1], [600, 500, 450, 1100, 1250, 1150, 1050, 250, 1, 1], [600, 500, 500, 1100, 1250, 1150, 1050, 250, 1, 1], [500, 500, 500, 1100, 1250, 1150, 1050, 250, 1, 1], [500, 500, 500, 1100, 1250, 1150, 1050, 250, 1, 1], [550, 500, 500, 1150, 1250, 1150, 1050, 250, 1, 1], [550, 500, 500, 1100, 1250, 1150, 1050, 250, 1, 1], [550, 500, 500, 1150, 1250, 1150, 1050, 250, 1, 1], [550, 500, 500, 1150, 1250, 1150, 1050, 250, 1, 1], [550, 500, 500, 1150, 1250, 1150, 1050, 250, 1, 1], [550, 500, 500, 1150, 1250, 1150, 1050, 250, 1, 1], [550, 500, 500, 1150, 1250, 1150, 1050, 250, 1, 1]]}