{"mutate": 0.01, "average_fitness_history": [752.0686219208422, 813.6210968141596, 826.5848404852908, 836.0431196254366, 840.486360254669, 851.0874548599469, 858.577581149452, 854.6920189412508, 861.9742421168531, 851.9644524413417, 859.9702958691009, 870.7477733224836, 861.9501829181422, 870.9358841359974, 867.7559132699625, 868.2178776455331, 866.3256858508546, 866.5725560074537, 869.5329522625951, 865.6021597703484, 873.3408129387083, 873.8866648013817, 866.3520221020799, 864.7744695277147, 870.9847194204168, 866.1019817591398], "add_random": 0.2, "strongest_fitness_history": [950.733240383442, 950.733240383442, 952.0966679464813, 952.8123463818662, 956.211336066347, 959.5254299016412, 959.6384184023024, 959.6434710361326, 960.2910837194306, 960.3933603752452, 961.5684240040235, 961.675857454457, 961.675857454457, 962.0096433013122, 962.2621652970419, 962.3105432494651, 962.3105432494651, 962.3112506320833, 962.3112506320833, 962.3112506320833, 962.3112506320833, 962.3112506320833, 962.3112546635437, 962.3112546635437, 962.3112546635437, 962.3112546635437], "elite": 0.0, "populationSize": 1000, "generations": 25, "strongest_history": [[500, 500, 400, 1300, 1050, 1150, 550, 200, 1, 1], [500, 500, 400, 1300, 1050, 1150, 550, 200, 1, 1], [500, 500, 700, 2050, 1200, 1100, 1000, 200, 1, 1], [900, 450, 600, 1050, 1250, 1150, 750, 250, 1, 1], [650, 450, 550, 1000, 1200, 1100, 1000, 200, 1, 1], [550, 450, 600, 1050, 1250, 1150, 750, 250, 1, 1], [500, 500, 400, 1050, 1250, 1150, 750, 250, 1, 1], [500, 450, 350, 1050, 1250, 1150, 750, 250, 1, 1], [500, 500, 400, 1300, 1250, 1150, 1050, 200, 1, 1], [650, 450, 600, 1050, 1250, 1150, 1050, 200, 1, 1], [500, 500, 400, 1300, 1250, 1150, 1050, 250, 1, 1], [650, 450, 600, 1050, 1250, 1150, 1050, 250, 1, 1], [650, 450, 600, 1050, 1250, 1150, 1050, 250, 1, 1], [650, 450, 550, 1050, 1250, 1150, 1050, 250, 1, 1], [550, 400, 500, 1050, 1250, 1150, 1050, 250, 1, 1], [450, 400, 550, 1050, 1250, 1150, 1050, 250, 1, 1], [450, 400, 550, 1050, 1250, 1150, 1050, 250, 1, 1], [550, 450, 550, 1050, 1250, 1150, 1050, 250, 1, 1], [550, 450, 550, 1050, 1250, 1150, 1050, 250, 1, 1], [550, 450, 550, 1050, 1250, 1150, 1050, 250, 1, 1], [550, 450, 550, 1050, 1250, 1150, 1050, 250, 1, 1], [550, 450, 550, 1050, 1250, 1150, 1050, 250, 1, 1], [550, 400, 550, 1050, 1250, 1150, 1050, 250, 1, 1], [550, 400, 550, 1050, 1250, 1150, 1050, 250, 1, 1], [550, 400, 550, 1050, 1250, 1150, 1050, 250, 1, 1], [550, 400, 550, 1050, 1250, 1150, 1050, 250, 1, 1]]}